GeneName,log2FoldChange,pvalue,padj
SYT13,3.633506222171484,6.002445540974019e-15,9.003668311461028e-14
CACNA1H,3.13243433685894,1.193919425116416e-29,1.2755039191660377e-27
TOP2A,3.081921273395413,8.43127986468194e-29,8.188561201910793e-27
GJB2,3.025690015733647,7.4819457282173765e-22,2.821133653992552e-20
CNTNAP2,3.01261753671647,2.714637567314576e-13,3.13716829443866e-12
RET,2.8267209851562773,6.055890678324223e-22,2.3198162897245975e-20
FGFR3,2.68369771351616,6.30231021886967e-17,1.3288752797024534e-15
CDC6,2.604474675290168,1.2058288191379058e-23,5.826152812065811e-22
UBE2C,2.589520892839838,1.865703858049129e-17,4.2208806106217353e-16
PPP2R2C,2.5675664753025838,1.2708605362168467e-11,1.1262049820944683e-10
COMP,2.5076309093187037,2.763124617347969e-11,2.3102124518087587e-10
MMP11,2.444086040685457,1.2798588335328431e-10,9.532023767946e-10
TPX2,2.429288791158671,7.649262311535416e-22,2.872955356461446e-20
RECQL4,2.4275707945576483,2.9824903791596516e-22,1.1948602081508354e-20
BIRC5,2.4133515038196554,2.853668314168173e-16,5.296915220217564e-15
COL11A1,2.4114339678093093,2.2965174147987955e-8,1.142318414034683e-7
TROAP,2.4074797988342884,5.953953823190526e-18,1.413512740987084e-16
MKI67,2.4014376375531357,6.18737148926443e-22,2.351445726058399e-20
MYBL2,2.3853642390088163,2.674061360274456e-15,4.256804632291208e-14
COL10A1,2.3852037607055396,5.292201161571123e-8,2.4617568538222713e-7
S100A9,2.379584578145739,1.1296118244523861e-9,7.043591240019256e-9
CEACAM6,2.378313985525233,6.298560641073146e-8,2.8824683752459923e-7
FAM83D,2.362444932025588,1.1552463633718265e-19,3.386492007262229e-18
CALML5,2.3609763645766026,4.303705341104214e-6,1.4046207350548883e-5
NEK2,2.3424479261627567,2.597575469480865e-14,3.493103236231961e-13
NCAPG,2.3409222970084618,1.4428518120435485e-23,6.902000085969512e-22
MUC5B,2.340768918135586,2.701714828020906e-8,1.3260330817468614e-7
PKMYT1,2.3184395866988643,8.14782341805982e-15,1.197879543801914e-13
ASPM,2.3183467330002676,1.592310427477135e-16,3.0867066048775513e-15
TFF1,2.3112198892972637,2.6925559669005046e-5,7.572075350028766e-5
PLK1,2.300849759012198,1.4716731542341552e-19,4.262089571675121e-18
KIF4A,2.2868763740506717,2.541515094154641e-16,4.763482968868786e-15
KIF2C,2.259693164451897,7.490952310470685e-19,1.9361695286337538e-17
SAPCD2,2.239966885025782,1.430179497544757e-21,5.208778738216984e-20
MELK,2.2368053814492073,1.3639844924445032e-17,3.122550213060452e-16
CDC20,2.2348143217168333,1.0210444955369347e-14,1.4829822997866507e-13
IQGAP3,2.233843576565182,2.7006237270869025e-16,5.042038278823411e-15
CENPF,2.2321414353542455,1.1013195544013814e-19,3.2382836439049792e-18
PITX1,2.2151135367706134,9.260505917187987e-10,5.884981123183245e-9
CILP2,2.205896589628146,4.5549658260848114e-15,6.897007309890623e-14
MISP,2.1993577964399207,6.565486052900239e-12,6.040875444845532e-11
NUF2,2.195258220051584,4.148175672791883e-16,7.427320129216752e-15
CPB1,2.188442889517715,2.4831963867363223e-5,7.018204955458477e-5
AURKA,2.1791841149874625,4.000457287555953e-23,1.8492498471081964e-21
TINCR,2.178901334955263,2.8820930232954247e-12,2.7850577305513075e-11
CELSR3,2.178121181611242,5.979739338881773e-19,1.583889634802982e-17
LRRC15,2.1778857502139624,4.295512117779292e-12,4.0731113424504826e-11
CCNB2,2.166651470358962,3.4276619032885353e-19,9.552744695686744e-18
CDCA5,2.1630737468703787,3.997673445328115e-18,9.657696024329102e-17
KNL1,2.155634161289622,7.097378247022357e-20,2.166390217305396e-18
TK1,2.146014948206193,5.059567098993224e-16,8.861154400149333e-15
UHRF1,2.1380199347366897,1.629313477090226e-15,2.6871096195921998e-14
KIFC1,2.1375049912889628,7.04856035409295e-17,1.4701064599697119e-15
CENPE,2.131125822281792,3.8450558935500294e-26,2.385174994611841e-24
BUB1B,2.1246114903393813,1.4425979984989538e-18,3.621561293881839e-17
KIF26B,2.124037119177115,2.5805830125398734e-17,5.690895794855707e-16
CCNA2,2.121949755097737,5.0722177338353205e-21,1.7355648936237227e-19
CLGN,2.116505809494184,5.660259129353894e-13,6.121866313693778e-12
LINGO1,2.104420126277921,8.014213679684721e-17,1.6607039769432887e-15
KIF20A,2.103137243474061,4.414920589220976e-15,6.695498653842221e-14
NUSAP1,2.094275535678741,5.378728725514007e-19,1.4365687971060327e-17
DLGAP5,2.0872248025970945,4.883481969649658e-16,8.568372105507566e-15
PCLAF,2.0713842286769086,8.321105559798415e-15,1.2196254566686245e-13
CEP55,2.059707371575686,3.9624235352337853e-16,7.121252764723897e-15
RIMS4,2.0586116223414157,2.866278961196743e-7,1.1579526139456588e-6
RHPN1,2.050007444359416,7.631967598238898e-18,1.7854347556463992e-16
PRC1,2.045676963766574,1.4069818893735758e-25,8.248860284345689e-24
CTXN1,2.044074704429544,7.282901784012765e-15,1.0789691934250035e-13
CCN4,2.0418083353920835,6.753291748725382e-13,7.238896339352792e-12
INHBA,2.0379429265236606,4.559248589461639e-14,5.900023578421758e-13
ANLN,2.0370905578851706,6.490913619345025e-16,1.1204692001795766e-14
FOXM1,2.0302108725601324,2.6910570547589455e-13,3.1136598774376966e-12
BUB1,2.023063692661121,4.581170074975936e-16,8.126928094260816e-15
FSIP1,2.018031441419167,1.5830282884089777e-9,9.615171821258574e-9
PTTG1,2.0155381329431012,2.3355310056779e-14,3.153950929718119e-13
ESPL1,1.9960541637993237,4.482450016353671e-17,9.620258238223338e-16
SPAG5,1.9942428947641615,3.0867611235159137e-22,1.2295138209147504e-20
CDCA8,1.9896047239646755,6.6477018458224634e-18,1.558967152380073e-16
CDK1,1.9818870740029237,8.65774935396566e-18,2.0204917485043646e-16
TFF3,1.9750807007467472,2.4825659148698587e-7,1.0144441679334335e-6
EEF1A2,1.974987405353713,3.934054226207242e-7,1.5521514725064684e-6
ELOVL2,1.9746730914881108,9.260217947346579e-8,4.122083127950804e-7
AKR7A3,1.9654505465340095,4.156456736803577e-11,3.3725174282165736e-10
AARD,1.960420032675206,1.8165714912988786e-8,9.187972061461713e-8
PTPRN2,1.9573880602973628,3.504709801546336e-11,2.870339415832029e-10
S100A14,1.9510814530645617,2.9663047751559185e-11,2.4629551306670256e-10
KIFC2,1.9489906557759256,4.517512804287219e-19,1.2304783459836149e-17
NELL2,1.9484662768479213,8.103529279180092e-9,4.379732097769341e-8
SLC16A3,1.9334398959371266,1.566358146217792e-14,2.1954130577090482e-13
CAPS,1.9283689743955623,1.397209409475457e-16,2.7416670351237797e-15
RRM2,1.9228756585496773,3.82858241373037e-12,3.6411295655803664e-11
CLEC3A,1.920420410734999,0.013252766916074295,0.0219320746812486
CDT1,1.907862584400181,1.0311024529894119e-13,1.2706166597689485e-12
DTL,1.9016407681904213,1.5880061887516515e-15,2.632530949111574e-14
FAM111B,1.892535744612172,8.000997840715314e-12,7.243841265393384e-11
E2F1,1.8911898124735858,3.650570231976709e-15,5.688854583542311e-14
TACC3,1.8902437705057822,9.508599310564704e-22,3.5436117198092883e-20
SQLE,1.8897544734168588,3.0945641670449254e-22,1.2295138209147504e-20
IQANK1,1.8892119594424868,1.0453757268158207e-18,2.6875100570412073e-17
ZNF703,1.8869973441980752,1.4120876103844238e-16,2.765218406078663e-15
KIF11,1.8795724108421197,6.461443355766355e-24,3.2190040344918914e-22
HOXC10,1.8567059313908756,5.579479922399306e-12,5.173259349457023e-11
PRR36,1.8537425034220854,6.718924563182682e-12,6.176143372371078e-11
TMEM132A,1.851279107581522,2.3998867474286414e-14,3.23631291395882e-13
MAPK8IP2,1.8450615240209882,2.0869989998093622e-11,1.7814817752110055e-10
ZWINT,1.842454177183323,2.3968256338281105e-20,7.555894580084356e-19
H2BC5,1.8333714567613704,1.575293740059964e-12,1.581048988588367e-11
FN1,1.822385164250543,1.3773670071515218e-12,1.3999348598056958e-11
UBE2T,1.8222444098232196,1.0873258082509298e-13,1.3323340995431012e-12
TRIP13,1.818087822780457,1.8215140827089832e-17,4.1306268644450175e-16
ERBB2,1.808545682641664,1.8392031191253438e-11,1.5831636517806786e-10
PYCR3,1.8039113427259845,1.108703260545248e-18,2.83515474737834e-17
GINS1,1.7913097731860141,4.1314925344514443e-19,1.1285312704190523e-17
WDR62,1.7883582978303467,2.1551289758496077e-15,3.4809150273394735e-14
NKAIN1,1.7873630193126648,2.66367460453317e-5,7.497433056963241e-5
SMIM22,1.7872329309060901,5.7686776218083605e-9,3.184031879086532e-8
TONSL,1.7861157674623922,6.008892097165087e-20,1.845862540391128e-18
KIF23,1.7828237494406989,4.85265228987502e-16,8.529844930008834e-15
MAD2L1,1.7723868475254831,8.007579177937558e-23,3.548058700270489e-21
SLC44A4,1.7664863386442027,6.083586687224372e-9,3.352073696141108e-8
H2BC21,1.7656270072845721,2.79952698742278e-16,5.216560462029076e-15
EPN3,1.764701668555086,1.3631996307816263e-10,1.009796953001952e-9
ASF1B,1.7562707113712788,1.5506926614172483e-12,1.56124711408658e-11
CKS2,1.755315273377875,6.943540660873923e-17,1.4545129292876421e-15
SLC39A4,1.7549178620906343,5.243555742840945e-16,9.166688812257398e-15
PYCR1,1.751049674535773,2.0562989366242399e-16,3.922879816595648e-15
SLC7A5,1.7463426896635839,9.791888207359091e-13,1.0167279169952231e-11
S100P,1.7439521746822308,9.160027753637324e-5,2.3374115406375498e-4
B4GALNT4,1.7408873777083214,7.156098779866452e-11,5.535469812422843e-10
ARHGAP11A,1.73145540443894,5.361522717620863e-19,1.4365687971060327e-17
SLC9A3R1,1.7294094415695467,3.334373087455004e-16,6.106666140167592e-15
MUC1,1.7290531054407925,3.1614679395391315e-9,1.8169464577805587e-8
GPRC5A,1.727662563891725,1.5564856136116162e-13,1.8453278883940435e-12
MEX3A,1.7259305431345686,9.546106254932425e-13,9.933529398395591e-12
PAQR4,1.7238631121659345,3.521763800196042e-18,8.572597199717706e-17
MFAP2,1.7217603284477137,2.023902734919818e-15,3.289915169081359e-14
CFB,1.7199103764394554,6.996439707777308e-9,3.8156986835098595e-8
MIEN1,1.7119247710347,4.085465104302518e-13,4.58363441982132e-12
SBK1,1.7108481330593863,1.296276454404799e-13,1.5618669309651806e-12
NUP210,1.7079257035982205,1.1318825599032127e-20,3.6891697672777596e-19
LMNB1,1.7049516568155179,2.462677497088203e-18,6.087055047430096e-17
ATAD2,1.7029375998940148,9.405697404009632e-20,2.8085646130295842e-18
STARD10,1.6938663329238186,1.233667709701926e-13,1.4958026518012636e-12
EZH2,1.6936289847519088,2.2182655449541327e-20,7.015994478530916e-19
PRR15,1.688441239735693,3.795370696151503e-9,2.1529492179054098e-8
METRN,1.685352036576871,5.102147376187153e-13,5.612945883528544e-12
WNK4,1.6852373886085508,3.1250135615320236e-6,1.0491692875839877e-5
BICDL1,1.6839683478448277,7.920036432752924e-12,7.177299745609742e-11
NPNT,1.67783667268555,7.566534166914256e-13,8.003545216158478e-12
BMPR1B,1.6711603690626973,2.755614927593947e-4,6.42370297971379e-4
CHST1,1.6696084153389703,3.373734814794878e-8,1.6186856409307763e-7
SPP1,1.6661752490053916,1.81043698470473e-8,9.161764004176832e-8
CRABP2,1.6652289184875388,1.0027125125222813e-8,5.3295084620794545e-8
FAM83H,1.6629013886181674,4.7957945185195766e-17,1.026983614600573e-15
NME1,1.6611029829869244,1.7184138384730394e-15,2.8243673601569697e-14
CREB3L1,1.6609060032397107,1.5455513576556634e-11,1.3460576362191309e-10
KRT8,1.6609026467492505,6.685718195271877e-11,5.213558835972352e-10
TNNT1,1.6604488763988388,2.005798776957795e-4,4.7986037172275525e-4
LAMP5,1.6550518316847553,1.0595490217172965e-8,5.606804537045573e-8
CCNB1,1.6509739406109578,1.609515446183803e-16,3.1075283162765597e-15
CENPU,1.6433551248389737,1.0033176410234594e-16,2.030926130198013e-15
SRARP,1.6388683694277628,2.0385335120636687e-5,5.840434957834379e-5
JPT1,1.6356433120139175,4.366365089509924e-15,6.632322327904885e-14
ATP2A3,1.6338711457412316,2.407713075333554e-13,2.806080147797833e-12
RMI2,1.631080005500828,5.530001994031393e-13,6.0012380555995306e-12
ESPN,1.626264863797309,1.1954449481992174e-8,6.250246425739791e-8
IER5L,1.622663198147386,1.0843139317861252e-13,1.3315042725572916e-12
H4C9,1.6208598034903505,8.100923721599781e-16,1.3810351344535795e-14
MCM4,1.6176613531174142,1.1646877658408361e-20,3.783267860999878e-19
ARHGAP39,1.6160533426896009,2.3538259937256956e-22,9.630654012626623e-21
PAFAH1B3,1.6143749999247654,5.483565400717659e-13,5.964307842522657e-12
COX6C,1.6142267083948945,2.5339206546810723e-10,1.7861911359793628e-9
KCNK15,1.6138264315408481,3.1216909550292485e-8,1.5067800468175817e-7
AGR2,1.6072667050837603,3.6960540351329055e-5,1.0151761601695617e-4
CIT,1.6046573084655666,5.5196755540529555e-19,1.466068520779535e-17
H2AX,1.5964463611186288,1.1982982983508757e-16,2.395350964374983e-15
LRRC45,1.5956557748296845,1.7635287862740945e-14,2.4398572669926103e-13
MFSD3,1.5921954260624451,2.0678214568372897e-15,3.352799883219315e-14
KRT19,1.591636216275659,8.756406969900895e-10,5.594209502697482e-9
HSH2D,1.5898416686264147,2.6173555426515384e-8,1.288575194193269e-7
DEGS2,1.5863990991031147,2.5123512181182645e-7,1.0257433954228075e-6
SEPTIN3,1.5859181661258093,1.0443235300717973e-8,5.529279042753486e-8
MUC6,1.5854436402864043,0.0011819901286511563,0.002416507566868141
ADAM8,1.581337086524227,7.613536194271702e-13,8.044412143727738e-12
CTHRC1,1.5724140031086888,5.694348213255496e-11,4.4988626187717005e-10
PTK6,1.568592891056393,4.970326998382155e-10,3.330292271041423e-9
PRRT3,1.5656831701759597,8.197866324558945e-15,1.2033967131394542e-13
H1-2,1.5644937939625299,1.1238034120180555e-8,5.911033811024948e-8
SEZ6L2,1.5627729907331072,5.900508773317053e-11,4.646469439430259e-10
EGLN3,1.5577420699482016,2.7994124314158487e-11,2.3364887611166133e-10
FANCI,1.5541143226067033,3.7632775844965546e-19,1.0367883660439648e-17
EIF4EBP1,1.5525479740817767,4.448934120459566e-11,3.585624607562341e-10
BGN,1.5524564132795566,6.502220569941725e-14,8.247869496040855e-13
FNDC10,1.5522818769583693,4.1743266977162344e-14,5.453281412845325e-13
EME2,1.5500534960632606,1.5963917880360388e-16,3.088391758946984e-15
TSPAN1,1.5493538459159268,1.3465653814027337e-6,4.836468487929505e-6
PEG10,1.5489013908045148,2.4323736595248247e-5,6.888740128521706e-5
GATA3,1.5477451162116256,8.681271323765633e-10,5.549895198005756e-9
UBE2S,1.5398355021873587,1.4839910220010737e-11,1.2990157071662495e-10
C3orf52,1.53912938946923,1.2303093020752645e-12,1.2557774882647208e-11
ECT2,1.5383466130301988,1.406165409608808e-22,5.929947549731881e-21
FAM110A,1.5376226731287372,6.47702448508948e-16,1.1200825615851682e-14
CHTF18,1.5309511474151416,1.849939486020189e-13,2.1824746206238183e-12
RASSF7,1.5290677394595875,2.0759447709774724e-11,1.774240797595413e-10
TYMS,1.5244858705655058,1.0877610693097601e-13,1.3323340995431012e-12
MAL2,1.5182771278521523,2.6287904711207667e-17,5.783940590349238e-16
TESMIN,1.5117868699158428,7.115984672919158e-12,6.51000881352214e-11
RACGAP1,1.511384485823111,1.417653746302005e-21,5.1827911675641747e-20
MANEAL,1.5099824946265987,2.352886096513145e-16,4.435882317249782e-15
LAGE3,1.5085178282636271,3.137499934222526e-15,4.9454199782868176e-14
RAB11FIP1,1.5081908377630244,8.022149805368869e-10,5.162849422933178e-9
CXCL10,1.5079417160487423,7.231917171813249e-6,2.25909303466486e-5
H2AC25,1.506788424983181,3.725597805982268e-7,1.4741408602682924e-6
ENO2,1.5065629623094967,1.16881790866078e-13,1.4243579457253992e-12
ARMT1,1.5049699500999782,6.885203294661267e-12,6.304879016968389e-11
FBXL6,1.502182748996298,5.444335487405529e-15,8.217784256107404e-14
PARD6B,1.496579408431085,1.317642597473684e-7,5.676135114117147e-7
DNAJC12,1.493395436589049,2.41301165573019e-7,9.881221068929206e-7
H2BC12,1.4924672240818724,3.145852541779273e-13,3.605854094401456e-12
MB,1.4904812381774333,9.039701804839202e-10,5.756075023412512e-9
SPTSSB,1.4898098842400387,3.1716155833717976e-6,1.0636583130142949e-5
COL1A1,1.4861543703099895,4.249030957351628e-8,2.0056177052005846e-7
DBNDD1,1.4854168269409698,4.6514140719291964e-14,6.011202459892369e-13
EXOSC4,1.4816654455632956,5.643702601132252e-12,5.2277649816846444e-11
GALNT6,1.4808193628054194,5.316615631800107e-10,3.547485031211522e-9
ADCY1,1.4779470376486072,2.8001742338914254e-6,9.486848223701921e-6
HSPB1,1.4757723261962312,1.220590162334049e-9,7.552107085483835e-9
C1QTNF6,1.4755263499523645,2.674407557659182e-16,5.002807133636777e-15
PSMD3,1.4750027741266747,4.0270419728574574e-17,8.681616271081715e-16
GP2,1.46868015657354,0.0013986725905704136,0.002812262015544652
IFI6,1.4675613961849443,5.489262106800881e-8,2.543578561777854e-7
CA12,1.4672310325206386,5.077555112593382e-7,1.9606703778146735e-6
SLC4A8,1.465255811255878,3.371769511195463e-7,1.3474465440625261e-6
STIL,1.4561327020213604,1.4760970925350027e-14,2.0840930315306976e-13
WNT7B,1.4524503895176455,1.585996460838772e-7,6.750489584313763e-7
PAXX,1.4524345927347917,1.6886136712398586e-11,1.457452464001009e-10
CCNF,1.4476405774981123,9.817424933298853e-21,3.221656680329982e-19
QPRT,1.4470950572485355,6.136018779125085e-9,3.3770933349334685e-8
KCNK1,1.4396896646046464,2.0211415247150817e-7,8.412673489236151e-7
GINS2,1.439605847073112,5.107411681861271e-12,4.7538977077537386e-11
POSTN,1.4386203694036679,1.8493898365477488e-9,1.1106735339416992e-8
SORD,1.4373734783535068,1.749036974088717e-12,1.746312617431258e-11
KRT18,1.4353863218586105,2.030395190106281e-8,1.0199712514562116e-7
MIF,1.4327612788472432,2.036826817839107e-10,1.4625907284184476e-9
TMEM63C,1.4317427538227998,1.8724194849805783e-7,7.854848755710412e-7
SIX4,1.4314583253145177,3.3729071796046988e-12,3.2365770989919346e-11
ABCC11,1.4223550837734453,4.987246507710606e-4,0.0011064230542602094
PRR15L,1.4211268725850814,2.1641642975566532e-7,8.926829567141665e-7
LAPTM4B,1.4138296123085519,4.916672755708698e-11,3.9231376386837456e-10
TMEM150C,1.4134848771110546,1.644205546126372e-7,6.982789896645348e-7
CELSR1,1.4112083754255482,2.467464509549182e-9,1.447508923692214e-8
MATN3,1.40761379598793,3.527327255221696e-7,1.4037769684998597e-6
HID1,1.4055912401143777,3.443920745178508e-14,4.542290530163423e-13
VAV3,1.4028617277220736,5.537172207731382e-10,3.6844228911652066e-9
ESR1,1.4007519627086669,1.7129508335443378e-5,4.9773412706342726e-5
LLGL2,1.4007319612194677,5.465354859978617e-13,5.9512329534195254e-12
SUSD4,1.3969651398236207,4.323460451738817e-7,1.6939719740614804e-6
ISG15,1.3958192409492172,9.389610962408563e-6,2.8733643985855616e-5
GAMT,1.394863951608851,2.773536038822109e-9,1.612306469968233e-8
FBXL16,1.3915241076572094,1.782628968983563e-8,9.049618551624582e-8
FAM234B,1.3900671818562278,7.163454518723917e-8,3.2488969432797385e-7
COL5A1,1.389788113922409,5.296969673913417e-10,3.5368307926859374e-9
FOXA1,1.3897364154296166,1.7673309407917638e-6,6.195000727565735e-6
ATP2C2,1.3890445646456253,2.2180123175841953e-9,1.3123808266813561e-8
TMEM184A,1.3885618767217769,6.920838680019252e-10,4.5083918637117286e-9
PRR11,1.3875954932812786,4.086098218000845e-8,1.9372699391557258e-7
EVPL,1.3847016434177835,2.58979151195198e-10,1.8202372359223892e-9
GFUS,1.3837818471628898,3.4610237919179178e-15,5.411015245413135e-14
TRPS1,1.383224377622016,2.1223060792732758e-11,1.8090401553379915e-10
CCDC74A,1.382996661237438,7.713223703500648e-7,2.8913312245286057e-6
LRATD1,1.3793853041762705,2.710581067344603e-7,1.099208644560032e-6
SLC2A1,1.3789978337252566,4.813182611408329e-15,7.276533146020611e-14
HPN,1.3758447798604574,9.902536663298794e-7,3.645210184441727e-6
SLC25A10,1.3731270915465903,4.101719296817543e-11,3.330914783690935e-10
CENPX,1.370674168748954,7.883555646887153e-14,9.895611951020885e-13
SDR16C5,1.3674353576881997,1.5189004848620852e-4,3.727470179160018e-4
N4BP3,1.3665110551014805,2.684901731764045e-12,2.6049778154299994e-11
PLPP5,1.3660968363522594,4.3977952349437684e-13,4.88277149930535e-12
UNC5B,1.3660870554566713,2.469489959913306e-16,4.6375285087043825e-15
MCM2,1.363940809811592,4.270985173709137e-14,5.571984049554051e-13
RARA,1.3629136132153021,5.197433704179062e-13,5.711237150363621e-12
GFRA1,1.3614910542241687,1.734468354318478e-5,5.027709745786001e-5
GRB7,1.3595863012964602,1.8053193382515092e-6,6.325854751198346e-6
HMGB3,1.3589552860119074,3.1757469552225667e-9,1.819714360814361e-8
TMEM79,1.3585812727252364,8.255817999519528e-16,1.4049502666438984e-14
SREBF1,1.3537962321431614,3.661448717682413e-15,5.696574339889386e-14
ADGRB2,1.3526988208842061,5.8542732413231393e-8,2.697117259957929e-7
BOP1,1.3468019664322994,1.0558633506537024e-10,7.9687018183166e-10
HGH1,1.345284126357685,1.421042144818249e-16,2.777097606184444e-15
SPDEF,1.3443433717488085,2.300725416021407e-6,7.903349365861318e-6
PRSS22,1.343457911479753,3.466146755771912e-8,1.6613659549724292e-7
SLC52A2,1.343311555918856,1.76743041167186e-12,1.761020042303102e-11
TYMP,1.3424875543366366,7.945202455038435e-9,4.298993900123498e-8
ESRP1,1.3417338498479663,2.4962815656850944e-10,1.764834356916337e-9
TPD52,1.3400120534670767,7.745181540574946e-13,8.165561459717994e-12
COL9A2,1.3366254030747857,4.835728323833855e-7,1.8755759513377374e-6
SLC50A1,1.331972707657172,1.6327912668058987e-17,3.7202104337295534e-16
KPNA2,1.3283535381786165,3.086579015978705e-12,2.976675751116876e-11
MCRIP2,1.3233860486308462,4.790535159315777e-11,3.832029580434376e-10
KIF12,1.3208273602137444,7.887634299496076e-5,2.035962517843081e-4
FANCD2,1.3200772704754296,1.0834122127688399e-16,2.1792904656427606e-15
C5AR2,1.3183936583941656,5.619493732248151e-7,2.1509328119253968e-6
PLAUR,1.3175292728271628,2.060483661399904e-11,1.7625934523452025e-10
NME3,1.3168990042121045,5.657223046237822e-10,3.753042626344759e-9
CACNA1D,1.3158501697988263,6.465364398628641e-7,2.4522476801899164e-6
GGH,1.3144498964017468,1.4811930795205714e-10,1.0921527192937343e-9
ZMYND10,1.3143649439419391,5.79368510422385e-6,1.8451898733723856e-5
IGSF9,1.312754619749571,5.0546491085979286e-8,2.3558144051948174e-7
SOX12,1.3091084754696425,8.162412885285249e-17,1.6841545041205508e-15
FKBP4,1.3049125624525109,7.782373367548575e-20,2.353066664433319e-18
DNAJC22,1.3029592148918654,3.0817943199895417e-6,1.036474478541653e-5
PODXL2,1.302690478560127,3.072882958127884e-9,1.771329115251775e-8
LRG1,1.3013561928870692,6.75238698160646e-5,1.7632862799605138e-4
ZNF467,1.3003542429082462,6.079376023491435e-15,9.104859885649556e-14
MDK,1.2995280734995167,1.8186737792249275e-10,1.3197395009243531e-9
SLITRK6,1.2980490574518477,3.108344086415757e-4,7.177408355160304e-4
UGCG,1.2941665409666536,7.359310818932126e-10,4.7649679140762554e-09
P3H4,1.2940572186301367,2.182069127333172e-15,3.514337463870762e-14
KCNK6,1.291911975469777,2.2699673201948843e-12,2.2248456456344356e-11
CBX4,1.2889844427962127,3.686784177499336e-17,7.983880600598226e-16
STMN1,1.2828732005852161,1.0444281431625331e-11,9.315562705480293e-11
SHROOM1,1.2821447816977176,1.543937412400407e-5,4.523143881849456e-5
CREB3L4,1.2810608468685674,1.8173826600291496e-13,2.146699542528289e-12
H2AJ,1.280993653538878,3.1612504861355143e-9,1.8169464577805587e-8
HOXB2,1.2792575476646744,5.928882859617083e-8,2.7275697940295815e-7
EVA1B,1.2732651757908204,1.1932955285972887e-7,5.189674705181715e-7
B4GALNT3,1.2699551634267376,7.552670793515125e-7,2.8366769406112474e-6
TPRN,1.2660477167700979,3.5203184594977536e-11,2.8806691053677364e-10
KAZALD1,1.2658770347511366,9.705512304609894e-10,6.127281734000271e-9
BCAS1,1.2643459681834741,4.665621946318614e-5,1.255631010979624e-4
PYCARD,1.262966160768067,4.2071142503840325e-7,1.6544541315927392e-6
ANXA9,1.2610842851574287,6.45260916754561e-10,4.229164086295231e-9
H2AC6,1.2571949302044103,1.0242911855544786e-9,6.436967156278635e-9
TMEM97,1.2570716402158757,1.968952537170388e-14,2.69238355816621e-13
CRB3,1.2526986193483685,6.150069405620465e-10,4.047427606778971e-9
TPSB2,1.2520677162648006,3.583609516793183e-5,9.872895559875775e-5
TMEM141,1.2503510281251207,1.036429599509317e-12,1.071534473041084e-11
KIF22,1.2460416240395837,2.9734247313300503e-16,5.49797669071893e-15
TRPM2,1.2437567080100125,9.899179495092302e-10,6.233176872646528e-9
OLR1,1.243214745162165,1.4937895707550577e-6,5.3274431464428335e-6
LSM1,1.2428738965586454,1.8563730884439581e-13,2.187380789876061e-12
ASPN,1.2425882857105588,1.2329277207527854e-5,3.678125980464794e-5
SCAND1,1.241950619650246,1.7680035855590242e-9,1.0671283411895805e-8
IRF7,1.2399774611471253,9.81648228613128e-10,6.193272780915503e-9
EVL,1.2391618713297898,8.831784437322078e-9,4.746652172434421e-8
DYNC2I2,1.2379403217052076,6.525982859050156e-14,8.267104768085277e-13
AP1M2,1.237602601238129,1.1010008933053954e-8,5.8037958273746576e-8
ZG16B,1.236354735113723,3.0548102873697783e-6,1.0291520992663076e-5
RNASEH2A,1.2353117661388333,9.617977607734634e-12,8.634626955963446e-11
SLC1A2,1.2339695074323755,2.787725328674718e-5,7.814571147290791e-5
TJP3,1.2319930074917365,1.7401512314134792e-7,7.361000479560319e-7
ANO9,1.2310533814856148,8.766770885472966e-8,3.917244628094102e-7
SLC6A9,1.2276786249952836,4.651731823428904e-9,2.5973520024546407e-8
BCAS4,1.225888506378903,3.914629872666672e-9,2.2153717613708094e-8
CERS4,1.2244289675460958,1.269260638272469e-9,7.823039126275506e-9
C1orf35,1.2242097413004167,1.1179707528001976e-12,1.1521209847989174e-11
STARD3,1.2240423974369123,1.244610876566537e-8,6.475613408109986e-8
HELLS,1.223674559347531,5.016307946438344e-12,4.678157216780279e-11
MLPH,1.2231070029877955,6.453745469223562e-6,2.0331835742655486e-5
TTC39A,1.2230027149355718,2.622323268333978e-7,1.067921991742109e-6
SULF1,1.2213761201730704,3.6596737537452323e-9,2.084583124541493e-8
MED24,1.2213454298839292,6.84996048550172e-12,6.278586279132415e-11
CEACAM5,1.2206404040947894,0.02177589114699668,0.03447072660164193
DIRAS1,1.2165782895954413,4.668635203009558e-7,1.8173654848962306e-6
CCND1,1.2162699481363672,1.6401992783848176e-7,6.968853761232887e-7
TCEAL3,1.2139957456450496,8.904225962041963e-10,5.677329749670655e-9
CACNB3,1.21337253440771,2.9339645763296536e-16,5.435466165974879e-15
SYNE4,1.2077172053521965,3.6495263227860286e-7,1.4470183749933058e-6
MARCKSL1,1.2075770428510118,1.289689467991053e-11,1.1397393598101081e-10
CORO2A,1.2059290250143118,6.333299722609745e-14,8.044210942257952e-13
FEN1,1.2059171160427231,4.362547521391102e-13,4.854848890992528e-12
PKP3,1.2037758086291654,1.2037464089120538e-8,6.283399414597935e-8
FBXO41,1.2032102174337638,4.3501895056178234e-14,5.659955628757155e-13
KCNE4,1.202751073361175,5.143422831408375e-4,0.0011368738051492303
AGR3,1.1997688413886465,0.002530133427498596,0.0048230041446072555
SLC25A22,1.1956143487636983,1.411293736775506e-11,1.241499476587053e-10
STC1,1.1941174575581284,8.00945356914732e-6,2.482620762970712e-5
KCTD6,1.1926437623565742,4.876130942636554e-10,3.271737544553417e-9
MRPL13,1.192276804625253,4.65347204010821e-16,8.231263494199225e-15
ETNK2,1.1919567936182731,1.653592323663882e-8,8.439113690036214e-8
SYT7,1.1919440738381122,2.0413554179723193e-10,1.4647486823734215e-9
MBOAT2,1.1893911956173218,4.485439196862898e-13,4.9743365487700996e-12
RASGRP1,1.1883461417854837,1.7338262428926772e-6,6.084211432632515e-6
RAB31,1.1868723906738843,9.140994194603705e-7,3.380409968504409e-6
TIMELESS,1.1863500958900335,2.0611381285547941e-19,5.898167591087603e-18
REPS2,1.1863342113936055,1.8886869830326843e-7,7.912734353751312e-7
CACNA2D2,1.1860810288792685,4.306406673747778e-6,1.4050254553133657e-5
SDC1,1.1855460554144965,1.4953361084583325e-6,5.330981343280262e-6
TMEM63B,1.183823925411397,2.8598420058526475e-27,2.1482328817400944e-25
CBLC,1.1807716284510499,2.467215181895374e-6,8.433087086357633e-6
COL5A2,1.180246324781695,3.258325727695742e-7,1.3050717959503691e-6
NAT1,1.1774497424152806,0.002199167596962519,0.004244116230434538
DCAF13,1.1757605632830899,2.1810713484920624e-16,4.1281498062502316e-15
NRCAM,1.174215450658957,1.8555475885972548e-4,4.4826859458197506e-4
PPP1R14B,1.170897127378434,1.2168716722267733e-9,7.533947925602335e-9
CKAP2,1.170728429722326,5.658932220691903e-21,1.92263721915027e-19
UQCC3,1.1704198047296293,1.3880402270437663e-8,7.179132212493714e-8
VCAN,1.170048448770635,2.7084240967732806e-7,1.0987973709061221e-6
CISD3,1.1699375820581799,3.0197270279303916e-10,2.092193871107028e-9
TSEN54,1.1684655275634481,1.6080223938517587e-15,2.6565524599458177e-14
RABEP2,1.1683880200074954,3.6160308595564374e-10,2.4798956287186264e-9
NAT14,1.1679755533762335,7.3560277795439165e-9,3.995943903972585e-8
ANKRD50,1.1672895554742129,4.9795166215416676e-11,3.96669861774011e-10
MRPL14,1.165906959408645,6.893433602677083e-11,5.362489004024285e-10
GATA2,1.1626127648336861,2.1125239883069566e-6,7.311705596677965e-6
F2RL2,1.158034723925571,1.0383592973058409e-4,2.62656611828258e-4
ZNF469,1.1567504647875297,6.510243272245813e-10,4.261129275877705e-9
MICAL2,1.155661898450723,1.022605237042221e-11,9.137871146989735e-11
REEP1,1.1508162284092194,2.405799675386465e-6,8.234875001367341e-6
SYTL5,1.1497505996971007,0.0011863422174204585,0.0024228293161634895
RRS1,1.1485961310738808,2.327555162295384e-9,1.3704496561831059e-8
PLEKHF2,1.1483992970134347,4.350857304912122e-15,6.619223573849692e-14
FBXL19,1.1472107890584493,1.4844773110577734e-14,2.0928518102376086e-13
TRIB3,1.1471652674288315,2.9884055715175714e-10,2.0761213562240933e-9
SYTL2,1.1469516155474748,4.72180779224513e-6,1.5278308386879406e-5
CAPN13,1.1445418139235635,8.380880823367746e-5,2.1528765459973522e-4
ADAM19,1.1381541086119569,5.228506902229257e-10,3.4983550150442378e-9
SLC12A8,1.137861873742223,1.0595176035130821e-10,7.99000922178689e-10
NSD3,1.1376999869124764,6.221775820968635e-9,3.4184214010636245e-8
TRIM11,1.136293023543726,7.361333735736065e-14,9.276438252831228e-13
HMGA1,1.1354832961532457,7.459254148245942e-11,5.737658290830778e-10
RAB11FIP4,1.13259657245189,2.0167024027899233e-9,1.2028904220114833e-8
LMNB2,1.1319800034044047,3.3672702246822286e-14,4.4534117208142545e-13
NECAB3,1.1286104226513247,1.3184663780722644e-10,9.800560431592149e-10
SMC4,1.1253220813440674,3.716792653763103e-13,4.199407916090744e-12
SEPHS2,1.1221280286258992,3.885708531401198e-17,8.395750006611803e-16
PLXNA3,1.1163683584615072,6.159725663471643e-17,1.3016651044896668e-15
RASD2,1.1140907078336848,1.085657788161539e-5,3.280515283838214e-5
ROGDI,1.1116774798474989,2.8980216978971236e-11,2.412508971885787e-10
RHBDD3,1.1087445493526416,1.911437879611742e-14,2.6180164120323216e-13
FLVCR1,1.1078289925914306,1.763599376557321e-14,2.4398572669926103e-13
RAD21,1.1069501291551127,1.2260224624725874e-12,1.2553999975158601e-11
HRAS,1.106664813706977,6.411690260888961e-8,2.93005712254978e-7
GPSM2,1.1044852067052757,1.0198443167772717e-12,1.056659817436796e-11
METTL26,1.1033573933267788,7.398601330891534e-10,4.787183835566763e-9
PSMB3,1.1032909723463107,4.338066942993072e-11,3.508033108231992e-10
CXCL9,1.1023144276078958,0.0014490195720208965,0.0029068064229044272
LOXL1,1.1022444586736504,7.159066395694568e-10,4.654119228844034e-9
GADD45GIP1,1.1009541778996612,1.118256312035369e-6,4.0866721551577625e-6
CLEC11A,1.098232350968689,1.7779028968074034e-7,7.50418628305671e-7
TUFT1,1.0977895372551303,1.5780060095824647e-15,2.62500480659782e-14
ENTPD7,1.097470544710224,3.654448886421912e-17,7.93172145438977e-16
FAP,1.0974087323310635,5.409038719128778e-7,2.076988557366914e-6
AFF3,1.09568299939615,2.1590989536673908e-4,5.1283933892075e-4
WDR90,1.0938771430307526,1.2867588435860782e-11,1.1381956100349716e-10
TTLL12,1.09301470352679,1.5611753566685675e-13,1.8486085042325464e-12
LRRC75B,1.0916937103618247,6.046917107861449e-7,2.3035304275787573e-6
SIGIRR,1.0915729279016109,1.6134930317759595e-9,9.781674338288683e-9
SDSL,1.0900096032377555,3.375555021508352e-8,1.618751198593656e-7
RPUSD1,1.0895538200957615,4.446213637767286e-12,4.202982626904161e-11
RUSC1,1.0885511196278634,4.776115125364425e-16,8.410686250985155e-15
COL12A1,1.0872942751620294,1.3304948561666842e-6,4.785899005627635e-6
PGP,1.0859213480350143,1.3327020396393985e-11,1.1755899184525518e-10
SHROOM2,1.0838013407637348,1.8643000916187105e-10,1.3477628105950301e-9
TSPAN13,1.0818267610580212,1.7876515206970287e-8,9.070326845119752e-8
RAB25,1.0810111268712779,4.709403817138546e-7,1.8310116337156135e-6
CANT1,1.0808730344962636,9.896578915520274e-14,1.2246538773838794e-12
TFRC,1.078781728033267,9.89174938405858e-10,6.232579969051327e-9
TMEM54,1.0784371547132097,5.0619355036791195e-11,4.025683198335379e-10
PGAP3,1.0750514638121391,6.597543902821189e-8,3.0106969447378135e-7
NCAPG2,1.0731462860804049,1.8000643955080784e-15,2.9535186284659e-14
CCDC137,1.0721951590353247,2.7182772378703887e-10,1.904973443303483e-9
GALE,1.0691941037278627,3.715927931851231e-8,1.7722543186879754e-7
EPS8L1,1.0685128680558782,1.2567336873242853e-5,3.7444978009367843e-5
SFXN2,1.0675312505657604,2.538240192386114e-10,1.7879252344170319e-9
IFI27,1.0674771022676637,6.168614871236174e-5,1.6236307688731404e-4
LPCAT1,1.067288342597548,2.376051896275568e-12,2.3240833146174554e-11
DDX39A,1.0666163603764813,2.336393281167403e-12,2.2876192870086133e-11
BRI3BP,1.0620033370569355,5.377426432623674e-19,1.4365687971060327e-17
BICDL2,1.0608781461493177,8.205031971731632e-6,2.5375163206239833e-5
NAPRT,1.0602362341501377,1.2257057113333668e-5,3.6599877063572424e-5
ARHGEF16,1.0601390309970327,1.504970223830509e-9,9.158410570968571e-9
ZNF692,1.0589997614778133,1.5061072175159354e-8,7.746700680932017e-8
FBP1,1.0587554447305705,2.2690210394399512e-7,9.323349271032107e-7
GALNT7,1.0575867035185322,3.6845851745964294e-8,1.759050965925753e-7
FHDC1,1.0568744418520544,4.5445712729676564e-11,3.656573455195315e-10
KDM4B,1.0567743675213033,3.528020055530076e-9,2.0131699011229484e-8
REEP6,1.0565706088757671,1.8893230567258493e-4,4.550561420445651e-4
ZBTB42,1.0560255440935713,1.2477146804902686e-13,1.510929049485382e-12
ARNT2,1.0560244781285328,5.1626203649569617e-5,1.379232976078388e-4
SIX1,1.054835920659791,8.567045026160295e-4,0.0018028482802917758
NUDT16L1,1.0543395708683292,4.389111388256011e-14,5.702879188929939e-13
SYNGR2,1.053590129555407,3.208599261781684e-15,5.040961095103087e-14
PPP4C,1.0504718563061584,5.227704369045616e-14,6.710864820877649e-13
MAZ,1.0504509524895183,2.37264967441319e-19,6.729506377428561e-18
PRLR,1.0501255118411914,6.86516776616607e-6,2.153624406906583e-5
SCRIB,1.0496872859971376,2.993913889957691e-11,2.4837344307112336e-10
TOMM40,1.0495596186770046,1.8908635147343844e-10,1.3649138659287616e-9
MTHFD2,1.0492673784674595,2.9366150182412085e-13,3.377458540716414e-12
CCDC24,1.0476241091983567,6.335068187608676e-8,2.897796414075044e-7
H2AZ1,1.0469453475130133,1.1570525675453187e-15,1.9381638391895887e-14
EPCAM,1.0465281173576297,1.7108986302604149e-6,6.005947546533001e-6
CDK5,1.0463671517762063,3.56099027454483e-13,4.032852943433279e-12
SLC7A2,1.04559372310336,7.880825553405533e-4,0.0016753070461197038
SERPINA5,1.0448791404398334,0.001926162843139053,0.0037647145050724953
ASPSCR1,1.0443624326641119,6.8668460332632265e-10,4.476252515920401e-9
KRT10,1.044341895446341,3.5613272331454213e-9,2.030970423884533e-8
CTNND2,1.0439206237294556,2.2814758362855702e-4,5.400073933384343e-4
ATP6V0B,1.0434432683667614,1.693536860235972e-15,2.7882460464330262e-14
SEMA3F,1.041383382190167,8.52851564024784e-11,6.502908634495081e-10
RCC1,1.03853357207541,7.970872027941334e-13,8.375949131000649e-12
TCF19,1.037663850994208,1.0618162863237894e-11,9.461875433737937e-11
TRAF2,1.037338592371162,6.252860399217178e-11,4.899857598897569e-10
CDH11,1.0365880527961921,8.903443994857097e-8,3.9729611679343883e-7
MST1R,1.0330813179351563,2.5744510743944977e-8,1.2694024143745178e-7
FXYD3,1.0326179019878152,1.0289627421950902e-5,3.123926986487462e-5
AQP3,1.0322566920122627,9.77401552579635e-4,0.0020319385790385277
SLC39A6,1.0303536412422818,5.804782796843453e-5,1.5367011726775826e-4
NVL,1.0296274596910955,1.4548634734191942e-19,4.226136645596844e-18
SERINC2,1.0277353498263446,1.1216005299023337e-6,4.094225168948724e-6
PDRG1,1.0270357026149948,6.64625965311866e-15,9.909752275362658e-14
CLDN3,1.026613799543622,4.1706734843496434e-4,9.399491071663685e-4
MRPS12,1.0263132474360024,4.549303328676969e-9,2.5431134596063402e-8
GGCT,1.0251672367551576,6.3882054519279e-10,4.192668629371109e-9
SYCP2,1.0247858679233934,1.4537359215469683e-6,5.1961601805479925e-6
DSN1,1.0243844494691556,5.845727338877115e-16,1.014560800781651e-14
CHPF,1.0242470018931416,9.599045168295767e-11,7.273035405292656e-10
LRRC59,1.0238639150176303,2.340948791534525e-10,1.662350268139177e-9
CELSR2,1.0231301598823936,3.1251386787733134e-6,1.0491692875839877e-5
CGN,1.0224787255359513,1.4193544517667641e-05,4.18733279718984e-5
PRSS8,1.0221631474079156,9.065617035764895e-6,2.7804117320216737e-5
ERMP1,1.0207002755025794,7.422590695304233e-12,6.764759197663526e-11
EZR,1.0206151610394567,6.534946330152688e-14,8.267566969002381e-13
MRPS34,1.0203308191834282,1.7586163941175673e-9,1.0621291852663574e-8
PSMG3,1.020071965566557,4.5349262131105275e-11,3.6518689731204124e-10
TMC6,1.016655579060295,1.1485737329654448e-10,8.627762845674024e-10
PGAP6,1.01626425297406,2.506612401404939e-15,4.0035013686891174e-14
SLC35A2,1.0147059289797824,6.717303598087869e-23,3.0180782287670495e-21
MZT2B,1.0146455334914946,2.248653588266719e-6,7.738297870860596e-6
PHKG2,1.0146110804498933,1.5305371681267353e-14,2.1546288245298036e-13
NACC1,1.013892857619839,3.7870829939884643e-13,4.273803167511629e-12
CDCA4,1.0137089462033557,5.550174717836525e-15,8.364409077115704e-14
GMDS,1.0135039147741631,2.5918976285217834e-10,1.8203868296739917e-9
CDYL2,1.013455245259779,8.8397762316545e-10,5.643721677779417e-9
STRBP,1.0131186983813556,8.527711835941954e-20,2.562310915705684e-18
AP1S1,1.0123822669239713,8.472939822377474e-17,1.7444821497250409e-15
PAICS,1.0120704046919347,6.52165162861284e-16,1.1237577134249544e-14
CTPS1,1.0120347846172002,3.5924462288255397e-11,2.9371913682106776e-10
ARFGAP1,1.0117948473143241,2.389196477007992e-11,2.0186400814087734e-10
TOX3,1.011452902358478,8.7220626307588e-4,0.0018312769399081966
TIMM17B,1.0113783272388306,5.330708971476141e-12,4.956940692528346e-11
ABHD11,1.011079652385628,1.5172899063332727e-8,7.78481454076543e-8
TRERF1,1.010481356783267,1.1214511887557476e-10,8.430612337675147e-10
CACFD1,1.0104666337200259,2.3605937543817103e-10,1.675063391024365e-9
ABCA12,1.010074792169613,0.010989829278951379,0.01851212482780615
ALYREF,1.0097178265353355,5.315061529384386e-11,4.213051657463386e-10
COL1A2,1.0096385420420393,3.8578931543516704e-5,1.0540961261463856e-4
SPINT2,1.0085665974074145,1.1223303192585242e-7,4.900638519378162e-7
REEP4,1.0079219117204938,4.340030499766512e-12,4.111270271453695e-11
SDF2L1,1.0067384066535008,2.8321321629176047e-6,9.584987943137194e-6
ZNF217,1.0051960724846372,9.908809472928987e-10,6.235157269778286e-9
ARFGEF3,1.0047698263346647,1.516345327984372e-6,5.3918862161870325e-6
ADAM12,1.0040516777499442,1.0811162362195336e-5,3.2688467330977406e-5
ABHD17C,1.0038621042266571,1.9683934671330874e-10,1.4187483648039457e-9
TDRKH,1.003584211055351,1.3577223550525503e-13,1.6277431974850712e-12
GRTP1,1.0034335900782108,2.2971550966805985e-11,1.9460040752937402e-10
TIMM13,1.0026581107203523,9.080148489027354e-8,4.043799338675221e-7
PPAT,1.002593421714597,1.183059756261318e-11,1.0503342157389264e-10
POLR3K,1.001436436612327,1.7649956605915546e-12,1.7604183896875307e-11
SLC27A4,1.0008351183116817,2.290727524304067e-13,2.679482377881217e-12
LEP,-5.353034977191275,3.000314139101908e-28,2.6466073805013616e-26
ADH1B,-5.068140151236983,4.8315406749238666e-29,4.740333019325814e-27
HSPB7,-4.936755556313507,1.8193322014803444e-40,1.2494913655166795e-37
CD300LG,-4.92861245018627,2.51444448139238e-40,1.6117589125725156e-37
CIDEA,-4.823819273796312,8.762661139676874e-25,4.7600557546888785e-23
ALDH1L1,-4.817222431888621,8.661077763687698e-40,4.893348397587171e-37
SLC19A3,-4.815732480908243,8.553343572659739e-36,2.1087281654134204e-33
ADIPOQ,-4.744794170652993,1.1236538974387103e-22,4.823184028514822e-21
ACVR1C,-4.703602940508097,1.5320854619855146e-38,5.6657698911502785e-36
PLIN1,-4.689628161124425,1.635986346947416e-30,2.0166677853717187e-28
FABP4,-4.635247041674129,1.9603759163785973e-28,1.7951442319981156e-26
AQP7,-4.557003360723638,6.865936744813353e-31,8.92107862180816e-29
TRARG1,-4.540707111730548,8.733704532213153e-21,2.8956747957665334e-19
GPD1,-4.531285598758763,7.228188929721504e-30,8.081283320845612e-28
SCARA5,-4.5278474245318545,1.6622732588037582e-36,4.84325981315095e-34
CIDEC,-4.511864430226748,1.0453077309019233e-22,4.527312537217114e-21
RBP4,-4.507408950998413,6.568966264447166e-30,7.43066007443053e-28
VEGFD,-4.454430437231754,8.683786356315343e-43,9.277178423996891e-40
LPL,-4.442235999186204,5.461834162892808e-42,5.251553547621435e-39
KCNIP2,-4.439209677786754,1.9838003103142897e-39,9.08297142079614e-37
TIMP4,-4.423016799949654,1.7676114856138356e-35,3.952461496320239e-33
LYVE1,-4.400720438420039,1.1074739556737523e-48,1.0648362083803129e-44
PLIN4,-4.3965077001534745,2.416304688563482e-27,1.8438706016299905e-25
TMEM132C,-4.368958465414981,5.201939730994017e-26,3.1656107919941442e-24
LGALS12,-4.350274449402578,1.5021663868831915e-27,1.2137251941077215e-25
HBB,-4.3220032830035615,1.8419517504379826e-31,2.530052297208743e-29
HSPB6,-4.315631691538106,3.0515398066477657e-38,1.0478769728899383e-35
ATP1A2,-4.263661934676145,2.929064436284136e-36,8.046558444249134e-34
FHL1,-4.22951766930106,5.713646620628493e-45,1.3734178064335742e-41
PCK1,-4.198065720519115,1.892667488316103e-17,4.267574851572149e-16
OXTR,-4.089048749984752,2.4621973247205856e-38,8.76815825081053e-36
CHRDL1,-4.038906819608293,1.5327989820181544e-31,2.1359220597252979e-29
SMYD1,-4.0272188559565745,1.1962346911994173e-18,3.034774816855514e-17
LIPE,-4.014165982777425,1.4927184672012274e-35,3.500606844424342e-33
CD36,-3.9910274368850067,3.6474627126756504e-27,2.67712625819667e-25
CA3,-3.915537800477586,8.99153126291279e-30,9.93719230952948e-28
GPAM,-3.865666145091488,1.585613954134e-44,2.5409463614997353e-41
PCOLCE2,-3.8572058812663976,5.871796786164619e-23,2.663081419762868e-21
CXCL2,-3.7515879683478737,2.948019965809156e-37,9.448403990418344e-35
CAVIN2,-3.735432882444165,2.7225104649917068e-45,8.725646040298421e-42
GYG2,-3.6870564264263153,1.4384438581434596e-33,2.711889744323405e-31
ITIH5,-3.6753249983056864,7.126975706434028e-42,6.229624674305744e-39
AOC3,-3.6531052189297166,3.153795211588261e-39,1.3184235199748316e-36
BTNL9,-3.6525983318226336,1.3997804464838424e-43,1.9226984275631636e-40
ALB,-3.649684233880201,3.9656494695766793e-19,1.0863167991447228e-17
PDK4,-3.6416481624471926,1.8323026396926614e-39,8.808794940322469e-37
GSTM5,-3.6174332066840438,7.748081249307512e-27,5.437795708911805e-25
PDE3B,-3.6140025066890487,2.59898665830891e-28,2.3354445532373988e-26
G0S2,-3.547258251829002,1.1103037223213437e-23,5.391702166727131e-22
PPP1R1A,-3.5255763950412637,1.3023930019761502e-22,5.540933059292339e-21
GRIA4,-3.5119936213665848,4.805672843338735e-22,1.8556845136024877e-20
MLXIPL,-3.442217428698435,1.9065628348514947e-26,1.2730278928539667e-24
CDO1,-3.434639223359294,1.3120502618969683e-29,1.3564906739934786e-27
ABCA8,-3.432187647304914,1.995774498846485e-27,1.5728993283941762e-25
PAMR1,-3.395770113275712,6.171075418783931e-47,2.966744507580375e-43
CLEC3B,-3.3932589822074894,3.367977395222804e-36,8.995306293074239e-34
GPIHBP1,-3.388321302158206,2.4898987036069062e-36,7.0412870691707075e-34
PTN,-3.3763878698265373,2.439231610306832e-32,3.908868655516698e-30
TNXB,-3.3661145476371397,1.18349341616343e-32,1.9963665256862068e-30
CHL1,-3.361450922888093,7.970154104672825e-37,2.472033281175136e-34
MMRN1,-3.354339989070138,1.3716415310204984e-27,1.1272079761335123e-25
ATOH8,-3.3473671118441333,1.6488446924858804e-39,8.344021956974599e-37
PPARG,-3.3347297814499863,9.160714628868339e-40,4.893348397587171e-37
GPX3,-3.3055732574195202,2.2851870600741712e-27,1.7577658866090525e-25
DPT,-3.2985232802592885,1.0555363370914108e-26,7.197859490165897e-25
ACACB,-3.281626993728539,1.3658696471347185e-34,2.79422056536177e-32
ITGA7,-3.2651546852019826,3.0184494089152876e-33,5.475922842777451e-31
NPR1,-3.2440297133444305,8.319158740585787e-42,6.665725940894363e-39
MAOA,-3.2218134664380758,1.4838369453253426e-27,1.209075612652811e-25
SORBS1,-3.2199187918861836,2.0670589356350638e-35,4.51699356048435e-33
TF,-3.1972237493999156,9.615822132154901e-21,3.166305815091417e-19
SLC16A7,-3.194746120129301,5.22263849131073e-36,1.3214649761566491e-33
CAV1,-3.160540534741817,1.206483077653132e-44,2.320066958326973e-41
KIT,-3.1320464272173436,3.0238045722925623e-27,2.236452381737922e-25
ABCA9,-3.1294869361084197,8.349142717877765e-31,1.056276410952562e-28
FOSB,-3.120799659752787,1.7210480268263603e-21,6.128843251087206e-20
FMO2,-3.1197565573319976,8.841396532861628e-28,7.457019970479346e-26
SYNM,-3.0640007847239725,1.5272822241732298e-28,1.4120017870601542e-26
RSPO3,-3.060688309544535,1.259992843177249e-40,9.31910091319173e-38
MYOM1,-3.0601136544589127,5.848589194207917e-39,2.297924153984433e-36
COL6A6,-3.049832238125803,1.1573410353371143e-24,6.251592165599075e-23
SVEP1,-3.0351839187505,3.339916419096856e-32,5.1795639305832695e-30
CNN1,-3.0233063082880465,1.2236265069400649e-29,1.2928756993657938e-27
CPED1,-2.991158233065961,7.097932880477452e-34,1.3649324929158142e-31
CCL21,-2.977106293250444,1.50867065929779e-20,4.851460999715135e-19
RELN,-2.9737560179834586,5.3258645253776565e-24,2.6670930943492796e-22
PLXNA4,-2.965354888788042,2.8360702388158695e-28,2.5248903098346836e-26
DMD,-2.960054100056997,4.205876279936913e-32,6.318671942436472e-30
MYBPC1,-2.9460357686062912,4.404829104127033e-11,3.556039616807844e-10
MYH11,-2.9426361548802378,4.238306540310401e-28,3.671289854512118e-26
ECRG4,-2.91491102491815,8.090621457879376e-17,1.6729317272582836e-15
SAA1,-2.9101695427249417,2.9621781546819604e-14,3.9447843431117795e-13
LRRN4CL,-2.8985475650767882,3.942288974059111e-27,2.850008156810402e-25
GALNT15,-2.897801577724504,1.208792064116618e-28,1.1284015239302216e-26
MME,-2.8951670634896685,2.391806818032777e-22,9.74458582855303e-21
GHR,-2.8740378782239633,2.646305762958883e-26,1.6962819940566437e-24
FGF2,-2.8679018716993765,1.04522749190266e-26,7.178473096174341e-25
HIF3A,-2.865599495295479,1.2727772641774854e-16,2.5232481226941285e-15
ABCA10,-2.85378689895803,1.7624883780582325e-26,1.1870853185292236e-24
ADAMTS5,-2.852603705532926,3.4013558719619774e-43,4.088004588614302e-40
DGAT2,-2.8508507695481087,3.3696247866103587e-22,1.3278255050515818e-20
EBF1,-2.829077699725026,9.749486649619632e-37,2.9294160667528987e-34
TNS1,-2.8154886679039923,2.664956910247481e-39,1.1647073041831606e-36
SYN2,-2.8152791940816604,2.2409201161768713e-26,1.475784035413741e-24
ENPP2,-2.809983127419771,6.572096310315003e-40,3.949419126479922e-37
CES1,-2.8049666574485332,1.430499393822284e-14,2.025662985508286e-13
PDE2A,-2.8002718641799875,5.965068229252213e-38,1.9777286560089666e-35
COL17A1,-2.8000201265430293,2.7961253277882158e-14,3.739185678259207e-13
ALDH1A2,-2.7849984615238665,3.60723644586321e-29,3.612872752809871e-27
CRYAB,-2.7843374514304817,5.425662599387864e-18,1.2944850097546974e-16
HAS3,-2.775485951613987,1.8106902626604947e-25,1.0455746748168023e-23
MAMDC2,-2.772969261695521,4.7371697231626206e-30,5.55462035222056e-28
IL33,-2.77226999962229,2.8808531411322796e-24,1.481251494758656e-22
PLAC9,-2.7536124192791624,1.8091536447146935e-22,7.497850126694732e-21
LEPR,-2.7481499868373844,2.2464592053216326e-31,3.0422120083334505e-29
HLF,-2.7449941789243977,4.00620630008162e-30,4.814959196910597e-28
IGSF10,-2.735061822161759,6.132589146602004e-21,2.0762269241048687e-19
CAV2,-2.7301231072620062,5.974841794031286e-39,2.297924153984433e-36
SAMD5,-2.725690823425667,3.01729722459738e-20,9.419257407306432e-19
AK5,-2.7209742775327386,2.284318949504038e-19,6.498143993929387e-18
THRSP,-2.7102929143463985,2.079416548239716e-14,2.830979645493642e-13
SEMA3G,-2.70264677174497,3.0057078978088617e-32,4.737685481546263e-30
PDE1C,-2.6913319706531236,1.926097500143169e-24,1.0119905717965338e-22
ANGPTL1,-2.6910390922427108,5.852533973901921e-20,1.8035934025341978e-18
KRT14,-2.6848083572839645,8.026924774863914e-12,7.260478053651602e-11
CADM3,-2.6841495155670465,4.682353828837017e-19,1.2717749170697153e-17
PGM5,-2.6714446119493607,1.0678153124339325e-32,1.8334007551879037e-30
ARHGAP20,-2.6653163856260735,2.3079980585828217e-35,4.931422518505295e-33
CCDC69,-2.662317013297258,1.1802662207759067e-28,1.1125744816431708e-26
TMEM37,-2.658716577787779,1.2395615713088635e-25,7.311892336278972e-24
MEOX2,-2.651690739479312,6.059880791061359e-27,4.284246603386395e-25
ALDH1A1,-2.649566647782865,2.457713308924173e-31,3.2820713146258224e-29
FREM1,-2.6375076907587918,1.5913606213463291e-21,5.752230215881561e-20
MEOX1,-2.6120360849564914,1.5752998888561062e-20,5.032062601777894e-19
CCDC3,-2.5817662314790177,2.1020921259095305e-27,1.6432207959853769e-25
PI16,-2.574725481814437,4.143615509031635e-9,2.332603227127586e-8
IGFBP6,-2.5571220869810483,9.247161133075606e-20,2.769827236589469e-18
PALMD,-2.5232882108376553,6.471111841137422e-30,7.407111946730514e-28
ADAMTS1,-2.520768061847608,2.448027324855407e-33,4.526496678554758e-31
PIGR,-2.4984313721177074,1.271646600653153e-7,5.507604533909939e-7
SRPX,-2.4899722068811716,1.4395378627353254e-29,1.4724634627872505e-27
PID1,-2.4818069535017204,2.1881774128460356e-28,1.9848420589164749e-26
NR4A3,-2.479796694295856,8.74064157742987e-17,1.7957536061322266e-15
KLK7,-2.478615706921015,1.377216642950731e-9,8.445113534420458e-9
JPH2,-2.474996196111284,3.8286925501412257e-25,2.1279120733877392e-23
NTRK2,-2.466800975466394,1.56653965223657e-18,3.922468426107974e-17
CLDN5,-2.452319017630422,2.6669589431555333e-22,1.0774290016151451e-20
SAA2,-2.451453490704124,6.488540420483826e-11,5.072139523817234e-10
EBF3,-2.446593123934727,1.1278168772101965e-28,1.0736593340966375e-26
FAM107A,-2.4444720480383957,4.50300107586801e-16,8.01784358230943e-15
ADH1C,-2.441355492677113,2.546938916347011e-10,1.7927392152764647e-9
ANGPT1,-2.4405701745303463,1.1998050337810959e-18,3.035822473632957e-17
LMOD1,-2.432823973849314,4.063236883953755e-34,7.973065844737828e-32
OGN,-2.4231505565646043,6.834908416236252e-16,1.1735293646805636e-14
EGR1,-2.419513299337478,5.498944521232001e-19,1.464608076776889e-17
SCN4B,-2.4176329493969435,1.5929039269642982e-35,3.6466122042289826e-33
AKAP12,-2.4145097967073275,3.3714325753353387e-25,1.895691474377151e-23
HOXA5,-2.4056480136289964,9.919932200489408e-26,5.961259256731604e-24
ACKR1,-2.3961591801422406,3.3092384054434515e-14,4.388734795632936e-13
FOS,-2.3930516769641073,6.545932543709065e-17,1.3772241008263166e-15
CLDN11,-2.3892165617955055,9.080018304317238e-23,3.9865011870324315e-21
CX3CL1,-2.3842483610092278,8.156989885862941e-20,2.4586036913032034e-18
SPRY2,-2.382848300280746,1.0807657817614183e-35,2.5978907479090093e-33
MMD,-2.378241229695273,6.640280619561565e-21,2.232388047450505e-19
SYNE3,-2.373318214605143,1.613852767653112e-22,6.717400156270421e-21
APOD,-2.3707755902269194,6.014244687530317e-14,7.669358444377189e-13
AOX1,-2.3704657555357915,7.47119452942515e-20,2.273276436722241e-18
MATN2,-2.3690123046707123,1.641782195097945e-21,5.912260601448218e-20
PI15,-2.364183489802538,1.8469153925514937e-10,1.3382133759896467e-9
ADAM33,-2.3615789308544914,5.837664050785895e-20,1.8035934025341978e-18
S100B,-2.3553304825585224,3.3147129249477376e-11,2.726344291990804e-10
ECM2,-2.355236135028579,4.139288548607876e-22,1.6178560729619808e-20
ABCA6,-2.3462898132677785,1.5383367211650909e-21,5.581550027925414e-20
RNF150,-2.342847198130291,7.307870952520274e-24,3.584958122881757e-22
CFD,-2.339783829269855,3.972201151594897e-14,5.210465767064793e-13
GSN,-2.3383741536741027,2.494641794972535e-35,5.214343664926288e-33
PIK3C2G,-2.33532822674828,8.324666989057992e-11,6.357559420158267e-10
ACSL1,-2.331183592991929,1.9621180676831226e-17,4.387387260644936e-16
FAM13A,-2.3233653053988226,5.055596490009694e-36,1.313771898687654e-33
INMT,-2.3098559098066582,8.505424156506286e-23,3.751360241504952e-21
PAK3,-2.3025978484401857,7.361278734998405e-19,1.9077815373857055e-17
NAT8L,-2.296475240398134,1.3083305061046427e-13,1.5744177492110312e-12
ITM2A,-2.2851168573770866,1.0488878474573002e-27,8.769614481132122e-26
KLHL29,-2.2768339573854846,1.2518101460806503e-27,1.0375995305659874e-25
GPC3,-2.275384311603544,7.168459378626792e-13,7.624417801492988e-12
KLF4,-2.270238507349276,3.7514117970777286e-25,2.0970828156338582e-23
SLIT3,-2.2661382597117163,4.575219533948982e-27,3.2828907327551833e-25
ANXA1,-2.2575436730717096,8.548569657627528e-29,8.219449725808868e-27
DDR2,-2.2564114847988948,5.622174740433471e-23,2.5619530866951575e-21
EGR2,-2.2528771709557742,1.9522289733020978e-21,6.926450766900248e-20
TSPAN7,-2.248829704622425,4.030979458196757e-23,1.854443420601044e-21
VIT,-2.2452288404159586,4.010218586915708e-15,6.139848998916326e-14
MTARC1,-2.2295821922794845,1.367422289911707e-17,3.1229846359860004e-16
WDR86,-2.229320428953193,3.172718299364609e-24,1.614057484041837e-22
AKR1C1,-2.223673379003,5.0028053034823205e-9,2.780460866646388e-8
ABCC9,-2.2232910752757893,2.020732686430299e-21,7.14314146324534e-20
PTGS2,-2.2206390959063507,3.3964044640846e-11,2.7887642119704036e-10
TSHZ2,-2.215873520259309,1.765503905872896e-26,1.1870853185292236e-24
NRG1,-2.2127588610643145,3.1017436375947757e-12,2.9883031137749266e-11
CLMP,-2.204743025098642,3.1114673149868147e-24,1.5913169273190545e-22
KCNB1,-2.2014457884121166,1.72761319391968e-11,1.488440937234563e-10
PDZD2,-2.201209458569169,1.1501542017686629e-21,4.2370623180098443e-20
LIFR,-2.199062602232276,3.571249241524852e-28,3.1215964961146775e-26
CORO2B,-2.194280770625151,3.6127913102435297e-26,2.2703914018295125e-24
NRN1,-2.1941514339661854,3.369954938442308e-26,2.1317182061264995e-24
KCNMB1,-2.192823079369167,3.5382074893135875e-19,9.832330927673453e-18
EGFR,-2.186791150064255,6.331747061989596e-21,2.1361315088080689e-19
BBOX1,-2.184377459797708,2.951700283075576e-8,1.4326399910031125e-7
DST,-2.1830816844909933,5.281647820387196e-32,7.812775968157368e-30
ANK2,-2.178475897713804,1.0940541850081055e-20,3.57800373770508e-19
FAM89A,-2.1775168476641587,1.8920112752138104e-15,3.088571886448351e-14
SLC29A4,-2.171520852547724,1.0925026730083927e-15,1.846118313001001e-14
TBX15,-2.162930759899226,2.166315742961266e-19,6.180749515896906e-18
GNG11,-2.1530862916466247,1.6017468970971807e-32,2.6103044772185414e-30
MEDAG,-2.152914155212891,4.062409779143504e-17,8.738270699432839e-16
MFAP4,-2.137888899905466,1.1538314721109516e-16,2.31126866757225e-15
ENTREP1,-2.130788609572336,2.293939443344954e-15,3.669921422256528e-14
PREX2,-2.13007759667332,5.305578246449504e-24,2.6670930943492796e-22
ATF3,-2.1261077732809546,7.996360446511906e-17,1.6605832763112738e-15
SEMA3D,-2.1222381254296314,9.082401111463228e-17,1.8540825198878755e-15
RGS2,-2.120545099783334,8.960245730865849e-17,1.8330375043037265e-15
PKDCC,-2.118596014845498,4.844792973750424e-18,1.1634730266795842e-16
SIK2,-2.113789234745355,2.221900099678403e-29,2.2487967850955625e-27
EDNRB,-2.1023804152100607,1.0137199090972633e-32,1.772166713812761e-30
ZFP36,-2.0937575234889017,9.980127720537891e-20,2.952582401014518e-18
ALDH2,-2.0898380022487895,3.722507768218013e-19,1.0285032238912699e-17
MRAS,-2.089106493964708,5.832192984608273e-25,3.20437345982906e-23
SMIM10L2A,-2.087258661548968,2.248246056315712e-17,4.992352386022072e-16
TP63,-2.0825500429459693,1.9439348590430236e-9,1.1625257703356483e-8
PFKFB3,-2.069386921639924,4.883309965581152e-22,1.8781210127625112e-20
APCDD1,-2.0681727015815348,2.3985848931187557e-25,1.3727615325795736e-23
PLSCR4,-2.065987015621634,1.444587228627992e-32,2.3947769315962317e-30
ZBTB16,-2.0652138057973346,1.030175458620352e-8,5.466411167016934e-8
CACNA2D1,-2.0628169392780284,1.1959341755251486e-18,3.034774816855514e-17
FZD4,-2.0602071051558215,3.065536759900564e-17,6.714153974133012e-16
EDN3,-2.0580867382048744,3.6964448640183415e-5,1.0151761601695617e-4
RBP7,-2.055953630353345,4.4772206840027904e-20,1.3886605444092525e-18
DTX1,-2.055784041390894,1.1805667515938668e-18,3.0109149380835626e-17
GNAI1,-2.0486476891987597,1.1677903003179975e-19,3.4128582788928712e-18
ABCB1,-2.0382994826944536,1.2860308008776147e-21,4.719536698640559e-20
TGFBR2,-2.03773014464824,1.1439491455263503e-29,1.235850678004029e-27
LDB2,-2.0354040817098276,3.5843337946881327e-34,7.179868632484666e-32
MYLK,-2.0339097913766566,2.1871131404171634e-22,8.986791814150012e-21
STAC2,-2.0299479554645656,6.1173373514952055e-6,1.93735832129863e-5
DOCK11,-2.027236206816214,5.247125419190328e-19,1.4131963839079833e-17
SOD3,-2.0202356942519946,7.0958038064732584e-15,1.0545000556296812e-13
ISM1,-2.019862165186929,6.561386497812937e-19,1.7230735687913486e-17
MRGPRF,-2.0088376527008496,4.976655285482757e-21,1.7089478774970254e-19
MCAM,-2.0035688116088224,2.4277681186737158e-26,1.5666436551038779e-24
DUSP1,-2.002729291705351,1.9256223561145534e-19,5.54997552401385e-18
MTURN,-1.9979780545680312,6.425368037545335e-23,2.9004654310327884e-21
SLC27A6,-1.993606038538386,1.4438891446710485e-8,7.447958222109513e-8
NDRG2,-1.9920446292784395,2.2436679104585404e-18,5.560017257489399e-17
MYCT1,-1.9839454667357688,1.406276641401682e-31,1.9884338098642903e-29
FGF1,-1.9790639273629338,4.734496590276832e-25,2.6162175123857325e-23
MOCS1,-1.97072179971341,2.8797379992404867e-24,1.481251494758656e-22
CLIC5,-1.966173052497072,2.2033321101211537e-24,1.1451372020981024e-22
JAM2,-1.965505361340003,9.235590054425507e-31,1.153249329523393e-28
SHE,-1.9648176294406237,2.590512773035505e-27,1.9612425443099513e-25
TMEM220,-1.9616769184393796,1.8089424164950883e-27,1.437436473933907e-25
NR4A1,-1.960113269683459,2.14183061488455e-14,2.90461232187799e-13
RBMS3,-1.957938537450084,3.2404029011854936e-25,1.8355051697644364e-23
PLAAT5,-1.9576180988497807,2.507754299914358e-9,1.467562848063089e-8
PRKAR2B,-1.954417947562186,4.276880080188843e-14,5.572114088213513e-13
CCL28,-1.9463611542039168,3.1750378886975236e-9,1.819714360814361e-8
TGFBR3,-1.944604755153022,5.94037325601449e-15,8.924482633840519e-14
CDH23,-1.9424164503699,1.3523329854671305e-20,4.378007291335508e-19
ANKRD29,-1.9399020020121502,2.0243962103911407e-20,6.445221709573119e-19
CNTFR,-1.9378165579072213,1.5919711906989147e-7,6.769933901696927e-7
KRT17,-1.9361328909904982,9.4192383432108035e-08,4.1831859893751444e-7
S1PR1,-1.934514905202088,3.666783808150078e-26,2.289358851646948e-24
VWF,-1.922821028229922,1.5490125083489765e-24,8.228594070594149e-23
EPAS1,-1.922534667920895,5.902491914738755e-31,7.77430955619358e-29
SYNPO2,-1.9214456851322532,5.396829824679197e-18,1.290808924484838e-16
GGTA1,-1.9204363954529837,3.28971743478812e-26,2.0947439162574685e-24
DIPK2B,-1.9204295239550768,8.331701689058055e-31,1.056276410952562e-28
EMCN,-1.918614073031107,8.216077103280168e-27,5.724462416524553e-25
KLHL13,-1.9179060742203176,4.5840343065424246e-12,4.3084545315156803e-11
EFEMP1,-1.9155666703978138,2.7062746292696296e-15,4.300963728996279e-14
ANGPTL4,-1.91462548519971,2.1303227674864537e-12,2.0965254257300155e-11
CD34,-1.9127934673269573,1.1615065819379169e-31,1.6668486246765777e-29
COX7A1,-1.9092841850980773,3.384316268360898e-16,6.186349984846014e-15
LIMS2,-1.9043059567272844,7.206803288440316e-32,1.0499002063386916e-29
RCAN1,-1.9033495057890664,2.7308706876465396e-20,8.580824072457999e-19
SOCS3,-1.8974249505193244,9.27756492582619e-15,1.3515725266942246e-13
DENND2A,-1.8947256209036532,1.2195796581103307e-23,5.863129206365415e-22
GNG2,-1.8939165052473614,4.162875944693423e-22,1.6204879436529256e-20
MGLL,-1.8896212554175023,9.139514241266855e-19,2.3559364458386278e-17
FAXDC2,-1.889005521625086,1.895220448904116e-17,4.267574851572149e-16
GPRASP1,-1.881435169577674,1.5188228850943367e-25,8.850595175867908e-24
APOLD1,-1.8774854676992214,1.6920385440141746e-16,3.2603107416225025e-15
FBLN5,-1.8749568427146448,2.1799579945832246e-23,1.0376384216790942e-21
CYYR1,-1.8645129784052963,3.9090986914373005e-32,5.9660291933602614e-30
PDGFD,-1.8626507933206846,7.278164515730993e-28,6.192880691925089e-26
SH3D19,-1.8604630333546315,1.2736111302004852e-29,1.3310620670519202e-27
GYPC,-1.8603931434352394,3.4611079505940125e-22,1.3583082834678136e-20
EGR3,-1.8562850617244144,3.0917383507407537e-10,2.1371002330965022e-9
SLC13A2,-1.8546638189097637,1.3712739404920126e-5,4.0618604244703335e-5
ADGRF5,-1.8498455680324941,2.0953193342378568e-26,1.3894134757722064e-24
EPDR1,-1.8477474440945854,5.633551632668825e-17,1.2010332361000168e-15
AQP1,-1.846281823564619,3.879603096597677e-23,1.8107953288245953e-21
HYCC1,-1.845458648410519,4.907422792274704e-26,3.005405741893075e-24
LHFPL6,-1.8453247445776684,1.6675813618078937e-27,1.336149566148575e-25
MMRN2,-1.8440055514374274,1.0918335705446562e-29,1.1929522478166897e-27
CXCL12,-1.843067648461548,2.0649349186335177e-22,8.521179932472649e-21
FGF10,-1.8386590774912235,1.7544959356031902e-7,7.415155349813043e-7
SELP,-1.8365907792493865,1.9032064955907846e-11,1.6367916328359028e-10
SPRY1,-1.8362766080648345,2.3406193927835936e-26,1.5206118555144764e-24
DEPP1,-1.8348323877926116,1.8351175232992304e-14,2.5206649980745857e-13
DCN,-1.8278785830674436,3.196403644855765e-15,5.030019811012795e-14
RASD1,-1.81980983818772,4.67233542658856e-12,4.3818213457850504e-11
TRMT9B,-1.8187967509232992,2.31785485989351e-14,3.1344830489277213e-13
GIMAP8,-1.8179079691964481,2.926521280497968e-30,3.561835710378223e-28
CAT,-1.816998207788232,6.556814724555764e-28,5.628908355053899e-26
ALPK3,-1.8123421868904637,1.7791736137027574e-14,2.450824397672208e-13
PER1,-1.8098547263820006,9.1261446202768e-21,3.0153910832976435e-19
TEK,-1.8077320106691488,7.717088250399095e-22,2.887151888232969e-20
TYRO3,-1.8074065543084112,2.5491651275739696e-15,4.0647135491913296e-14
CALB2,-1.8073078697445848,2.881154923241191e-7,1.1629850792176342e-6
TXNIP,-1.8067983253183546,3.891134256336371e-26,2.3982856329919364e-24
ROBO4,-1.8043615884028437,4.3482938095265784e-29,4.31019020397918e-27
PLPP3,-1.800831263106625,3.9618703053283885e-33,7.054330182543047e-31
SYNPO,-1.7967059390221147,6.576890272973738e-19,1.7230735687913486e-17
TACR1,-1.7955527939829865,1.7682840464845318e-8,8.981537827231259e-8
NGFR,-1.7947796244002423,7.807039759704708e-12,7.088261311573254e-11
NPR3,-1.7930439956948812,7.875275520231688e-8,3.5466404743338493e-7
PPP1R12B,-1.7916487571720832,2.203973080042524e-27,1.7089678358555539e-25
TRABD2B,-1.7907976140378996,1.9915228060079144e-14,2.716098124789517e-13
ACO1,-1.7893746131975843,6.148275174961293e-22,2.345859754256065e-20
PROS1,-1.789369498255974,5.690262862924188e-26,3.4409985803154756e-24
PLA2G4A,-1.788457080228479,7.861038374382785e-16,1.3425201415575574e-14
KCTD14,-1.7841517191597827,4.934416269028279e-10,3.3085364314300487e-9
TMEM273,-1.7810448024434187,2.4261976156650666e-22,9.842991592666505e-21
JCHAIN,-1.779184743380189,7.09091192003938e-6,2.216486284498655e-5
APCDD1L,-1.7764477269242085,6.473434081192264e-8,2.956867871290433e-7
FERMT2,-1.7761948913417636,7.046503370891772e-22,2.6674066894143458e-20
GABRE,-1.7733290702182904,2.682406727828425e-7,1.0891613466245905e-6
CSRNP1,-1.7707189671688046,8.200418802457608e-24,4.0023871464786753e-22
PEAR1,-1.7683719668246294,2.4874864791164624e-23,1.1781863298869353e-21
CACHD1,-1.7679227162264723,2.0066304835070557e-19,5.75932898475234e-18
MUC15,-1.766838270215898,2.1598816516472222e-05,6.158737271823263e-5
SLC34A2,-1.7652231284142392,4.108967554633975e-5,1.1166671947852012e-4
STARD9,-1.765097472578512,1.4715835800904232e-24,7.86070895698301e-23
SSPN,-1.763371771080476,4.172658118184965e-30,4.95309972917882e-28
CAVIN1,-1.760765859384961,1.7428041960793546e-24,9.207177112803843e-23
WIF1,-1.7536600753067233,9.708552257079944e-4,0.0020192024648891123
CNRIP1,-1.7515728572564717,3.1765442922427277e-22,1.2568919082269064e-20
AVPR1A,-1.7496259379838777,3.147405281602052e-18,7.719974944541768e-17
NSG1,-1.7468078574235473,2.442841084934347e-8,1.2088222348325403e-7
MAP7D3,-1.7457587742653142,9.629949996775413e-18,2.2419363007020723e-16
MAPK10,-1.7396095608023827,1.6809911492931249e-10,1.2300403272795581e-9
MRC1,-1.7386331790654306,6.918386394395149e-11,5.373205588215619e-10
SOSTDC1,-1.7374042950594046,1.7051140529772067e-5,4.957566259260914e-5
CEBPA,-1.734673655116238,3.8266744803948655e-12,3.6411295655803664e-11
AKR1C3,-1.7308572629370136,1.6209364073966724e-10,1.1888103399785663e-9
CRYBG3,-1.723813012233976,2.8469742994600163e-13,3.282213176176026e-12
ARHGEF15,-1.720619960212243,2.0975532211726523e-24,1.0960855555203834e-22
EPHB1,-1.7152351894933455,9.83132359666049e-10,6.198568943074794e-9
CDKN1C,-1.714678271824713,3.115694369977177e-16,5.7170613296432365e-15
PRELP,-1.7136162937708246,1.6642412834139136e-10,1.2187113434900822e-9
ADGRL4,-1.7113367960219452,3.2453029522616136e-25,1.8355051697644364e-23
WASF3,-1.7078887912419694,7.37208118889567e-14,9.277822072150768e-13
PTGIS,-1.7060428658722844,6.936481739591507e-13,7.410474658463594e-12
DAAM2,-1.7047582656161282,1.3999939316777364e-20,4.517094514456858e-19
ADAMTSL4,-1.702338557548009,3.4526482116757516e-16,6.275465511391748e-15
ANTXR2,-1.7015199438944828,1.0455659239889952e-21,3.88151210778154e-20
MFAP5,-1.6984566031768504,2.2572092981223514e-9,1.3322938859083124e-8
EMP1,-1.697839441713477,9.657358817914984e-20,2.8659106492053263e-18
CEP112,-1.690271370520535,7.159369828675883e-24,3.548316541377248e-22
ARL4A,-1.6886373473663192,4.852342004144704e-18,1.1634730266795842e-16
SH3BGRL2,-1.6885445869115023,1.1414335277153425e-21,4.221108988070392e-20
NCALD,-1.6869435785109501,4.145832367802556e-15,6.337389223596436e-14
ANGPTL2,-1.686135767582617,9.702584603896772e-18,2.253390119962982e-16
CPM,-1.6848948937905226,5.3096961304500945e-11,4.2122713114090477e-10
FGF7,-1.682660358223107,1.008476885854638e-14,1.4669448195903696e-13
NMT2,-1.6771980628873084,2.0571403077603654e-21,7.24520295205711e-20
C2orf88,-1.6766425804984468,2.101961355522138e-10,1.5059879607559878e-9
MT1X,-1.676189807631574,2.2697345324881078e-15,3.640845885468984e-14
PTPRB,-1.6751683054288247,3.5416537812007095e-21,1.2338043879074212e-19
SPTBN1,-1.6725189159828553,9.451026730672378e-23,4.130528273427951e-21
CFL2,-1.6652250863781932,1.1204219810473622e-25,6.649911943068141e-24
F8,-1.6636865972356463,2.3141488340446108e-26,1.5136422475740772e-24
CLIP4,-1.6597708154163586,3.3871749955905115e-13,3.8496084613005636e-12
NTRK3,-1.6577155697208978,1.034963736872028e-8,5.485764239263809e-8
KANK1,-1.6449143667439008,3.753850104951627e-21,1.2983190201118667e-19
MSRB3,-1.6419635538907438,7.281926799559347e-21,2.439572340688611e-19
TAT,-1.6417291687456272,0.001078688823159287,0.0022218494075999452
CHST9,-1.6383909207738296,1.8821522840623855e-5,5.4263550858350334e-5
PCDH18,-1.6379267832820439,4.657105918714902e-16,8.231263494199225e-15
NDN,-1.636041642718535,5.984145325889734e-16,1.0367127442960323e-14
P3H2,-1.6322114685521172,5.518419507471663e-16,9.594865020676319e-15
FOXO1,-1.6297117793465976,4.619399213791996e-22,1.7909485258310504e-20
NR3C2,-1.627905721723599,1.690132648969278e-14,2.3620095086976177e-13
PLPP1,-1.6268418747457538,8.57557600189454e-27,5.931954191238562e-25
ROBO3,-1.6263845220654027,1.9152973546326436e-17,4.302706557194595e-16
EGFLAM,-1.6263165662186814,1.1934362749595375e-22,5.099951014993757e-21
FOLR2,-1.6246348050088084,8.435963873685388e-11,6.437443860752778e-10
TMEM47,-1.6244478215419569,3.9408491688411505e-18,9.544399183478001e-17
GPR34,-1.6240166286822526,1.1852298260577184e-17,2.7328500665575446e-16
SPARCL1,-1.6238819407988347,1.399792736847988e-22,5.9290780461644945e-21
KCNJ2,-1.62349446096596,9.969139168533322e-18,2.30971742422766e-16
LOXL4,-1.6226361908271807,2.9767474994663185e-9,1.7218135494718148e-8
SFRP1,-1.6198737941333277,5.645026424781847e-5,1.4985347618519452e-4
MAML2,-1.6172909210543487,3.840151106640256e-15,5.926653754469672e-14
LAMA2,-1.6164256933478116,5.290275600549389e-13,5.794896509696022e-12
GNAL,-1.61590959355048,5.465249832486508e-16,9.536910551607582e-15
EHD2,-1.611929719625265,3.3537129916257056e-19,9.401151724338531e-18
ALDH1A3,-1.6109538194481026,2.8228119035460883e-11,2.3539754078573844e-10
VSIR,-1.6089437564199787,1.0212320161004932e-22,4.443052413939476e-21
IRX1,-1.608345697299704,4.207212467946448e-6,1.3768668440879883e-5
FDCSP,-1.6077242816852244,0.0011003826107794058,0.002264593065634415
CELF2,-1.6012579982515909,1.3289951423868202e-14,1.8930797472665593e-13
ATP13A5,-1.6010216970108626,8.658799248543908e-5,2.2177505267647756e-4
KCTD12,-1.6008025988723675,6.0205406541692856e-27,4.284246603386395e-25
IRAK3,-1.5985455381617035,1.4702045593499214e-13,1.751674948965241e-12
CLDN8,-1.5935453825833845,3.1011122728193803e-5,8.620177653413803e-5
CAPN6,-1.5922176032102746,9.54376576528357e-6,2.915897929240595e-5
COL4A6,-1.5885930943351914,8.420125616162265e-8,3.774336027944064e-7
MET,-1.5880678399807655,3.414763321416034e-13,3.87638126746342e-12
C7,-1.5863456269626213,2.9372236146764126e-5,8.193038890372412e-5
AFAP1L1,-1.5861123111268942,7.082765957117965e-20,2.166390217305396e-18
GIMAP6,-1.5857149060289721,7.562864892504794e-23,3.382183532159702e-21
KLK5,-1.5839414256815831,7.381495230000248e-4,0.0015792851944025899
ERG,-1.5826111726416172,1.0946261668267744e-25,6.5371618596518235e-24
EPB41L2,-1.5820221622832265,2.965404034146035e-23,1.3976646955055944e-21
C1QTNF1,-1.5803681619677634,4.520584477290707e-12,4.25459729156532e-11
LAMB3,-1.5795005961499484,5.7896529757212385e-10,3.831212206576718e-9
CYRIA,-1.5792740356499004,3.700026165561594e-21,1.2843231618005319e-19
RECK,-1.5789091264259791,3.0249380855889514e-18,7.438562581314007e-17
CREB5,-1.577796364217838,8.937504479379367e-14,1.1116960616977052e-12
PDLIM3,-1.5760820394325228,1.3766088023296755e-14,1.9551098425996795e-13
PECAM1,-1.5756921064326948,1.2848097770623664e-24,6.901366484052879e-23
VGLL3,-1.5747524312126362,1.3829089012338106e-11,1.217643689135814e-10
CCN1,-1.5745317820694473,1.1906502477978733e-12,1.223087834676982e-11
CDH5,-1.5743212061826442,2.9240393572579286e-22,1.1763447037671541e-20
PCSK5,-1.5697049674822439,7.392645183503058e-15,1.0918630328630091e-13
PLAGL1,-1.5653513238495407,1.4415481989097047e-15,2.4063343632841685e-14
FAT4,-1.560496828324307,1.1293548119182242e-14,1.6255608557775038e-13
EEPD1,-1.5556872806499227,1.6000274016817065e-22,6.6888102031172205e-21
LAMA3,-1.5551087049000587,7.326363995572687e-11,5.648996777660897e-10
CDC14B,-1.5535040310346047,1.9279166146860383e-19,5.54997552401385e-18
MAP3K20,-1.5528587893574723,9.225760611442346e-17,1.8753845302118006e-15
RHOJ,-1.5509954504405379,3.011699785367994e-27,2.236452381737922e-25
EDN1,-1.5507231365746408,1.6248642491617123e-11,1.4075515620692774e-10
TMTC1,-1.5499466136861815,8.298400099318525e-10,5.315730643234351e-9
NATD1,-1.5430421494413964,4.9857802865319685e-23,2.2827751169049942e-21
ANXA3,-1.5363097547109454,4.0170317005171436e-13,4.527990597945174e-12
LTBP4,-1.5341769241006091,4.811030416812055e-19,1.3030438720464199e-17
ACSS2,-1.5292119010459535,8.359200158369288e-25,4.5666880410636763e-23
CCDC80,-1.5232457522791651,1.1243161087815428e-9,7.0151196534292885e-9
RGCC,-1.522499606405704,3.1219301194840295e-23,1.4642613706750705e-21
STAT5A,-1.5203924500714365,4.928006033999656e-21,1.6983074558031074e-19
GIMAP7,-1.5169004451494643,2.009667143126251e-17,4.472904995638635e-16
LARP6,-1.5155323105554346,8.45391460635419e-15,1.2372053111125651e-13
DPP4,-1.508935093508205,9.973098235236935e-11,7.550499175732529e-10
XDH,-1.5085746537391547,1.1849275647100144e-5,3.5525658043925126e-5
CCL2,-1.508371579022286,3.8718488896612017e-11,3.1549005994993605e-10
TNS4,-1.5078224954183999,1.2276617742277605e-6,4.440920977878073e-6
PTCHD1,-1.5065478149956604,2.3306655305118062e-4,5.502259021946332e-4
RARRES1,-1.5049956478031885,8.946439681434747e-10,5.7004650455265145e-9
RNF157,-1.5047743991333873,5.9338949428518177e-8,2.7285700562180886e-7
GPM6B,-1.497260925183167,2.8844284332477697e-10,2.0082389127934328e-9
PTPRM,-1.495134208181507,5.344163094192728e-21,1.8221322039242225e-19
SCGB3A1,-1.4943679737694324,4.5174756053979086e-4,0.001011540008055447
SLC6A14,-1.4861894641774878,0.001129330805318876,0.002319699998534713
GRK3,-1.485515928224627,4.44492080093536e-16,7.929111966789145e-15
ACTA2,-1.4845148243677002,4.56757639463879e-16,8.11779057938114e-15
DLC1,-1.4828580385058705,1.7467517673757736e-14,2.4270257577049227e-13
PTPN14,-1.480344422951325,2.734760336792198e-19,7.71106177074985e-18
CRIM1,-1.4803033586996304,2.5831069857067777e-19,7.30487460810902e-18
OSR1,-1.4801576645315684,2.4043185439612363e-6,8.232736039952737e-6
ALOX15B,-1.4801409270871955,3.3322375967451774e-4,7.653957117225247e-4
RHOQ,-1.4788642429305048,3.88169186660959e-19,1.066356208498606e-17
AIFM2,-1.4761880790940458,4.14315016595569e-14,5.419916849750198e-13
TLN2,-1.474408690463344,9.474558027482586e-17,1.9218961062077017e-15
CYP26B1,-1.471124353037888,4.1111277011310486e-7,1.6186934007524584e-6
KLF9,-1.468158606220627,1.3642410063968899e-18,3.4338160409701825e-17
AASS,-1.465956912414244,8.190746567268594e-13,8.574045514190274e-12
FLRT2,-1.4639202793292307,6.930107186699169e-11,5.373627467751009e-10
PPP1R14A,-1.4624564646138383,7.161010909118773e-8,3.2488969432797385e-7
TLR4,-1.4622893910420744,6.9925308791874995e-19,1.8220375177069867e-17
IGF2,-1.46124748891754,1.0207325759142293e-10,7.715679023125248e-10
PDE8B,-1.4598704378907836,1.6846394994419062e-12,1.6855160028235098e-11
C2CD2,-1.4596964035751872,3.884539167573067e-15,5.975975055394407e-14
CCN5,-1.4596334502358501,1.0619175607262417e-6,3.894102725546458e-6
EGF,-1.459450219385438,1.0444231110156991e-6,3.834336850865195e-6
PRUNE2,-1.4579132717409247,6.593128163951654e-11,5.149709772249809e-10
MOB3B,-1.457903112733049,2.133669710289692e-14,2.897631958253586e-13
FHOD3,-1.4559794385150953,2.42642390420119e-13,2.8244631766216033e-12
FAT2,-1.4556935230978647,3.695214291010545e-5,1.0151761601695617e-4
METTL7A,-1.453936561938979,2.8892742489070017e-21,1.0138821862496652e-19
COL14A1,-1.4526018425333451,1.102313286010502e-9,6.88677208901298e-9
FLNC,-1.4516568881777892,3.168692682007693e-11,2.615191428111929e-10
ECHDC3,-1.4452959096340463,4.1382915872083093e-13,4.626706233838127e-12
KLF2,-1.4417064746684665,1.5496421318737703e-14,2.1751546128417957e-13
CD248,-1.4413117181504187,1.2908735711517157e-13,1.5573085805048617e-12
UGT2B11,-1.4409554357450125,0.018388375777290845,0.02956098195931307
TFPI,-1.4401958370732153,3.033465271485167e-10,2.0998393509956718e-9
OLFM4,-1.43852735055361,0.004143884997041093,0.007551867417401643
DNAJB4,-1.438227900049666,3.329635150301602e-24,1.6849706300078896e-22
VLDLR,-1.437655952995123,4.6234151565001275e-11,3.713795883855366e-10
NR3C1,-1.4299276335997522,3.3837776916796313e-19,9.457855379505714e-18
PRNP,-1.426461974522314,1.2838333105772107e-18,3.239910047559024e-17
TMPRSS2,-1.4263120537991343,9.873974631212552e-7,3.638875664205009e-6
RHOU,-1.4246364004204046,5.501618990752627e-16,9.58298307900118e-15
ITSN1,-1.424396471618559,1.0583062017960051e-16,2.137734060980796e-15
KLK6,-1.4228463661416826,7.85922720126125e-4,0.0016721945018837554
TINAGL1,-1.4225769435744764,8.080337979662643e-13,8.47245907027877e-12
RETSAT,-1.4176987323238728,1.8301683848588375e-15,2.9977971073965455e-14
SAMD4A,-1.4172440353614872,3.351543509592406e-15,5.248386131063678e-14
VIM,-1.4170839528681423,1.1523645251100197e-15,1.9336797397788553e-14
LAMA1,-1.4159800396108841,2.9487885157921626e-9,1.7079880469482916e-8
CCDC8,-1.4143677855302503,2.7063621885465322e-8,1.3269593290604238e-7
ADCY4,-1.4096260276013082,1.1311513595104586e-14,1.625713052569964e-13
CFI,-1.4089016721248957,1.1459761265235748e-15,1.9263217581335967e-14
AKR1C2,-1.4017493501995313,0.0014647100290343799,0.0029339972769094917
WLS,-1.4008740607335235,5.3077364340914136e-14,6.795457498507183e-13
SMIM3,-1.3978472542912452,1.5543533814631907e-13,1.845075032440565e-12
AMOTL2,-1.3961147822382856,3.4575682942812234e-20,1.075874406133138e-18
ZEB2,-1.3920090916332735,1.7123227199670322e-14,2.389547598328449e-13
RGL1,-1.3917095021698251,3.9541245821865656e-23,1.8366622153489772e-21
PLA2G2A,-1.3890933715096048,0.0013188395425180691,0.0026656805132039595
PTGER4,-1.3884386552999628,2.2719787116811136e-15,3.640845885468984e-14
IL11RA,-1.387751378736682,1.4494243878446983e-22,6.0856836197060154e-21
TNS2,-1.3859252367446724,1.073056941367843e-17,2.480154445012454e-16
PTGDS,-1.3856663197270365,1.285761381857469e-7,5.561221631380821e-7
AMOTL1,-1.3850546244274926,1.1211829389635076e-15,1.8879464024753284e-14
ITGA9,-1.3840638539239039,3.080902812175863e-21,1.0771956559662153e-19
ALPL,-1.3815406934214804,7.924326087712742e-11,6.080797712159458e-10
RUNX1T1,-1.3795842455926748,1.2799658343097407e-11,1.1332294196029611e-10
GABARAPL1,-1.3775700750750302,7.545328545800024e-21,2.519039373884279e-19
MAFF,-1.374779179454618,2.2096964415372424e-15,3.552881485849597e-14
AGPAT2,-1.3746918633516947,8.810196485114828e-9,4.7376979420793664e-8
CD302,-1.373763086819827,8.989779899476135e-15,1.3136281722410796e-13
RNASE1,-1.3723653843961356,2.0521106628974408e-11,1.756994125000792e-10
FOXN3,-1.3722279505055448,3.892424665047321e-18,9.450925038997473e-17
LAMA4,-1.371052292100358,4.1141703866914057e-13,4.610460171099985e-12
SGK1,-1.3680535152962696,1.9871453992594904e-18,4.937055042346253e-17
CFH,-1.3666718099838935,4.4360239611111936e-11,3.5782189921211517e-10
PNPLA2,-1.3645604149184198,2.793447414192392e-12,2.7048335234098538e-11
GBE1,-1.3638880203044133,1.525993194815855e-13,1.8158941297220847e-12
FGL2,-1.362124643475969,6.9618223748716046e-15,1.0361907451144038e-13
HBEGF,-1.3592052820042417,5.626253874620508e-13,6.091940428432004e-12
LRP1,-1.356982797016592,1.0353413347759798e-12,1.071534473041084e-11
TLCD2,-1.3566539878211956,2.2353813865870224e-11,1.8970160663754828e-10
JUN,-1.3558951667701733,2.2380901922979386e-13,2.621100755048073e-12
SEMA5A,-1.3523732329764842,9.165977586286943e-11,6.972379311087734e-10
PC,-1.352181548716267,5.823894304453573e-10,3.851220339568164e-9
PGM1,-1.349941169543513,3.3342532468443104e-14,4.4158188661719074e-13
PPARA,-1.3473611430776917,2.5281362759487655e-14,3.404486035468821e-13
FMOD,-1.342704310009623,3.309400295751494e-11,2.724305123600224e-10
PDGFRA,-1.3420978392375122,3.8881726753179475e-12,3.6941482483381486e-11
PDGFA,-1.3396895115342151,4.685883160827273e-16,8.266929649789765e-15
RND3,-1.3383588318033999,1.032086959209099e-13,1.2706166597689485e-12
SERPING1,-1.33777897459972,2.1238377475175425e-16,4.035711451063473e-15
GIMAP1,-1.3361321376031694,2.830078375796586e-15,4.482900096092945e-14
PLEKHH2,-1.33607072418171,3.101389985708085e-8,1.4977330342834373e-7
ANO6,-1.3318433335537376,9.110027513766011e-17,1.8557820878148348e-15
CYGB,-1.3315154622034218,1.969026873723254e-13,2.3116231246457983e-12
TAGLN,-1.3268347398992333,1.1664261173847707e-13,1.4232470962759607e-12
GRAMD2B,-1.325379357747364,3.691131824571591e-15,5.728096085343582e-14
C3,-1.3250267001034723,1.160538739018862e-11,1.0322460662041034e-10
GPRC5B,-1.3233446507216,1.0680064005189482e-16,2.1528053545051756e-15
SEMA6D,-1.3230606428875633,1.7937144611570685e-7,7.5642826947479e-7
NPR2,-1.3206153616420286,4.168679661286174e-15,6.3621991973439e-14
KRT5,-1.3190551986891796,0.0013597010742372954,0.0027413558038984266
A2M,-1.3185142059291384,7.273230008395785e-24,3.584958122881757e-22
TENM2,-1.3178020338485374,1.875234247862104e-5,5.409654153373577e-5
SLC1A3,-1.3159071262892583,6.654703033109287e-10,4.346805004303383e-9
ZCCHC24,-1.3140810066334336,2.9292784011605473e-15,4.6324032610458325e-14
CDH13,-1.3134771492096338,2.985772931930824e-14,3.9707063264889177e-13
HSD17B11,-1.3114218146669578,1.7014013336195712e-16,3.2717947645504355e-15
BOC,-1.3111632987157964,5.57531659549349e-10,3.7072385245968124e-9
LPCAT2,-1.3101645957989105,7.510910697427188e-20,2.2781516200555965e-18
CLEC14A,-1.3085099484148044,6.554278486169911e-18,1.540816323826985e-16
MDFIC,-1.307005999093892,3.478542898485436e-18,8.488880702776008e-17
DUSP6,-1.3067157950038888,4.521597385631667e-13,5.008658855166875e-12
CPAMD8,-1.3062991127767225,7.857336965239433e-8,3.54022000565966e-7
LGR6,-1.3059318857786144,1.331038459837962e-4,3.3052517539622947e-4
DSC3,-1.3057143401806488,4.449971089658295e-4,9.985113912007355e-4
FADS3,-1.3020506842109467,8.023080236369517e-13,8.42160660182237e-12
PIK3R1,-1.3009554792789608,1.6567255929616748e-17,3.76581952159019e-16
PLA2R1,-1.3001905483808995,5.0089507184243576e-17,1.0702458035033377e-15
TRIM29,-1.2994108240129854,3.695152755569235e-4,8.407215746521106e-4
F3,-1.2969404942228726,1.3824778484440647e-8,7.154211255538042e-8
SYNE1,-1.293512574811534,6.040337319164642e-17,1.2792476503032607e-15
MEIS2,-1.2928620728272961,9.270276482151143e-13,9.656956487094609e-12
RARRES2,-1.2923043422753795,2.7336614881688335e-8,1.3382971083881536e-7
RAPGEF3,-1.2897249394737298,8.539818643441775e-12,7.709892606262224e-11
DIXDC1,-1.2883163705411238,7.255703076840168e-19,1.8855022995626546e-17
IL17RD,-1.2877540783948564,1.45052654228673e-10,1.0711837714352463e-9
OLFML1,-1.2864673551636507,1.8338551352370698e-12,1.8196612100417363e-11
DPYSL2,-1.2858251161338203,8.226665751308716e-21,2.737003155668973e-19
EMILIN2,-1.2839796120934062,1.9014699611919124e-12,1.882866496072115e-11
RASIP1,-1.2837938670004045,7.229142719072745e-17,1.504506650300529e-15
PKD2,-1.2824805808728637,2.7407359624041486e-18,6.756968276542536e-17
PELI2,-1.2803572659886482,7.045884067637333e-11,5.458998816304026e-10
RASGRF2,-1.2792538124288557,1.3093152973270548e-10,9.743859584984236e-10
LAMC2,-1.2769484477832633,2.8047770600246766e-6,9.499095256124433e-6
CYP2U1,-1.2757852239393332,2.1787857479625422e-20,6.913869625960344e-19
NOTCH4,-1.275749703207735,1.929570293937815e-18,4.806429631143029e-17
KLF10,-1.2750756886547452,3.6139946497558496e-19,1.0013993820577087e-17
CLIC2,-1.2739851937388702,2.3583569903665906e-17,5.224793194095568e-16
ATP13A4,-1.2718340679509896,6.057041763561634e-4,0.0013158259502179192
RNF125,-1.2712182586276284,1.7593906576184126e-14,2.4398572669926103e-13
TACC1,-1.270327107144073,1.0696987280637163e-8,5.6574000386868165e-8
CALCRL,-1.2702582463321952,2.615768934381022e-9,1.5233566507615705e-8
BHLHE41,-1.2691009654698473,5.510102378405486e-13,5.986399363657486e-12
ZC3H12C,-1.2653885623874928,5.011588571251076e-11,3.988942393425422e-10
RIC3,-1.2639961238123016,7.037579411905994e-5,1.831294344938461e-4
UTRN,-1.2620969358442218,1.9805458849179882e-16,3.785874489758739e-15
GUCY1A1,-1.2620665875335433,4.3910859247134173e-13,4.880958516314394e-12
QKI,-1.2586479260424301,1.239011794372757e-16,2.466480000599184e-15
IQCN,-1.2563099788690628,2.4136043653659558e-9,1.418508922554625e-8
PPP1R16B,-1.2549749378652464,2.17528487420342e-7,8.961167123164475e-7
MYL9,-1.2540828203470349,3.704536698070425e-13,4.1904847472878986e-12
TLE4,-1.2531201628956978,3.2039381806957866e-13,3.66367185082452e-12
ADGRA2,-1.2502504262089356,2.5432498045236193e-12,2.4825732863446293e-11
ID4,-1.2481991521481206,4.110125015439238e-5,1.1166671947852012e-4
ADD3,-1.2470082627632066,1.5891244966030059e-12,1.5932671569174036e-11
SNCG,-1.2448236518618068,6.226772927933578e-5,1.6371457944238817e-4
DPYD,-1.2436525809844667,2.9806151541089963e-16,5.500693801680999e-15
RRAGD,-1.2433325993022604,2.9780300912861448e-9,1.7218135494718148e-8
ID1,-1.2376063707726814,2.4186959907508948e-9,1.4206329841826423e-8
VSTM4,-1.2357918891532387,5.992436016688489e-10,3.951801941046627e-9
ARHGAP10,-1.2357361147039212,3.6241534716923544e-14,4.773456935660546e-13
ARID5B,-1.2348561951577142,1.2507085939379447e-17,2.875045082414144e-16
NTN4,-1.233818704306277,8.998557542939309e-7,3.3290161898946307e-6
CBX7,-1.2336969681888121,3.831998125855104e-16,6.899749434475061e-15
EOGT,-1.233042335420768,5.542247462013319e-30,6.4203264273804895e-28
NT5E,-1.2316436866990519,8.061989053644646e-11,6.176575677354045e-10
ABCA5,-1.2306005216326497,3.860313700759561e-15,5.948223755256919e-14
HADH,-1.2297233649621022,4.8321913620254526e-14,6.22808578362932e-13
LMO2,-1.2278614428440175,1.7198174438176985e-21,6.128843251087206e-20
PRKCA,-1.2278304350272402,2.5269850460862e-11,2.1275797914289677e-10
CD200,-1.2274464828905687,1.5815790156202907e-16,3.0720974212503225e-15
HSPA12B,-1.226680126620687,2.1562254821205616e-11,1.836324890220478e-10
RIMS3,-1.2258273228174672,4.824165643994324e-10,3.2413943163525805e-9
ACADS,-1.2256832454230586,1.163555050633666e-9,7.2317917335764055e-9
MAOB,-1.2252700688422986,2.2559631144988875e-6,7.757898907691989e-6
SASH1,-1.2226624888171773,1.3614898481838327e-14,1.9364977648354367e-13
NEXN,-1.2181421639940737,3.274747191975813e-13,3.73065097758856e-12
SACS,-1.218063839759599,4.341066112329388e-13,4.8421520498894505e-12
TBX18,-1.2176228712138828,1.0464209182018536e-9,6.5717420826328035e-09
NAV2,-1.2147700133817851,4.682036476901659e-9,2.6112401812882512e-8
PLCL2,-1.2135594889788772,8.73959504740405e-12,7.882852380937143e-11
TIE1,-1.2131924668697744,8.547651132418141e-16,1.452043562512375e-14
CCDC50,-1.212191740698229,3.85044163187816e-27,2.804696688674887e-25
FILIP1L,-1.2051224489926464,1.7168498718694664e-9,1.0395158386665568e-8
THRB,-1.2024698270933656,2.0030649303599908e-12,1.9814268832727685e-11
HSPA12A,-1.2017199293502747,3.943078706243805e-9,2.2301589270902466e-8
TPPP3,-1.2013523933216461,2.5033809196932763e-7,1.0225151887362298e-6
CSRP1,-1.2006751275414103,3.4053608876024644e-17,7.441487485067658e-16
ZFP36L2,-1.2004124483549645,1.289690574104619e-16,2.5515174629662367e-15
CPXM2,-1.1970265888755873,5.662988033701046e-10,3.753042626344759e-9
APBB1IP,-1.1966950526324918,2.7832775498450083e-12,2.6977029880806206e-11
FSTL1,-1.193203334929951,6.040148955535184e-11,4.748653492025412e-10
N4BP2L1,-1.1891320355586468,1.8824428922231887e-18,4.701217768500249e-17
SELENOP,-1.1882842470092114,8.209130024953006e-11,6.279298742237323e-10
TEAD1,-1.1868169505404886,1.0469777854486874e-12,1.0810035730321839e-11
MCTP1,-1.183332621018161,1.290527332262366e-13,1.5573085805048617e-12
DKK3,-1.1818224981770185,1.3295266579167613e-10,9.863733654220418e-10
SERPINF1,-1.180210307772522,5.239205244702221e-9,2.9051302438184457e-8
UGP2,-1.1798202928054211,1.2528797603031995e-17,2.875045082414144e-16
RPS6KA3,-1.1790835969022408,1.4351507145944644e-14,2.0292609001214377e-13
CHST3,-1.177918420455053,3.488780129518065e-10,2.396044353236871e-9
SHROOM4,-1.1769949834910296,7.316315972425673e-15,1.0822519703826592e-13
ABLIM1,-1.1769329517177953,6.128470751229194e-19,1.618825447062327e-17
ACSL4,-1.1767667402782847,3.494504058927989e-12,3.3465793353179894e-11
C11orf96,-1.174634724585075,1.5499848211598837e-6,5.491195304146014e-6
KCNJ8,-1.1736267675016385,2.4683882062059384e-13,2.859464168996397e-12
S100A4,-1.1731583571623638,5.892186280104313e-8,2.7119852122165134e-7
ACSS3,-1.1719191675834482,2.9782343435626784e-6,1.0047622180124614e-5
ABI3BP,-1.1708599428384432,2.0438272809595433e-5,5.853857404356869e-5
PRKD1,-1.170471368814318,3.7568456123693377e-11,3.066389691250525e-10
ARHGAP26,-1.1694416000662977,1.0477058367671752e-13,1.2881958594010728e-12
ITGB1BP1,-1.1691166552256207,1.4095148863757944e-12,1.4265774350003436e-11
SLIT2,-1.1686114981982412,7.967595730863051e-10,5.1311743437540675e-9
SKAP2,-1.166286278258922,6.4178071542164686e-18,1.5124317595046899e-16
ABCA1,-1.1656356633531737,3.090503398212588e-11,2.559447904721278e-10
KIRREL1,-1.1652522551682902,4.873846380913342e-14,6.273364518404522e-13
STON1,-1.158861539268832,1.2832028724484005e-9,7.903904944645337e-9
BACH2,-1.1587396432447978,2.8271120975590937e-8,1.379831615128461e-7
SATB1,-1.1581264739429986,1.5106381320212787e-8,7.758966687705447e-8
ESAM,-1.1578915194748158,2.0142066310447037e-15,3.2824740266940387e-14
ACSL5,-1.157745040561262,1.541055589700343e-11,1.3433589750651676e-10
TMEM170B,-1.156440123612379,5.881735675545153e-10,3.886796461880869e-9
APOL6,-1.1560450597773146,2.38838714213515e-10,1.6922875734435865e-9
ACTG2,-1.1539312367944956,0.002231376383363824,0.004296952518734862
NLGN4X,-1.1539244382559812,6.355521482845633e-6,2.006842005174409e-5
SH3RF2,-1.1528790785717502,7.979920585823715e-7,2.9866460269636052e-6
MMP19,-1.152011935199508,2.5474150739073907e-9,1.4880556461494266e-8
LPIN1,-1.1509431994763883,9.621969847313065e-10,6.08252729006674e-9
PLAAT3,-1.1489600045057775,7.070512042724135e-7,2.6607817334948164e-6
NRP1,-1.1474622238977754,5.77472018080573e-13,6.238644330162595e-12
FLI1,-1.1469801088736902,2.0256159959398488e-15,3.289915169081359e-14
LRIG3,-1.145744465045112,1.778396720483537e-9,1.072728009250264e-8
ZNF677,-1.142882721916246,2.2512189597153117e-9,1.3295743426082753e-8
GAS1,-1.1414925490057786,1.458474166242228e-7,6.243646085671871e-7
PPL,-1.1408286751396437,2.8384841782076496e-13,3.2763535862504867e-12
NCOA7,-1.1403126562462478,1.4446190527755404e-10,1.0684624763412938e-9
DIAPH2,-1.1397683136973586,4.069884098434023e-14,5.331326376899608e-13
ITGA1,-1.138293661080795,4.0815145918843525e-13,4.58363441982132e-12
KAT2B,-1.137868885050951,2.071887889351486e-12,2.045297952373156e-11
CSF1,-1.1363655965303558,2.240752667173623e-16,4.232777386026402e-15
KCNC4,-1.1358337036565154,2.802014446949862e-10,1.9565264275543153e-9
PPP2R1B,-1.1357902949734227,1.2292828656728441e-12,1.2557774882647208e-11
ST6GALNAC6,-1.1341302699142337,3.693624100793574e-15,5.728096085343582e-14
PTPN21,-1.1322886239590724,5.685595159913681e-12,5.261501199477386e-11
NMNAT2,-1.1319831799371003,5.47335571864819e-4,0.0012028872053669107
FLT4,-1.1319504361758714,3.494215974835794e-16,6.33903520717852e-15
ARHGAP31,-1.1312462330263362,4.301606884871315e-15,6.554667226313423e-14
PPP1R15A,-1.1304156395544696,2.3105319469136737e-13,2.6993638723663395e-12
NEGR1,-1.1297352639220615,2.259374424814371e-6,7.766852018087298e-6
TLR3,-1.127457163934452,5.997879891825275e-12,5.53451201150672e-11
ARRDC3,-1.1261219774477302,5.543858310605991e-13,6.009492407720023e-12
AHNAK,-1.1256874248593445,1.2889720100065007e-12,1.3128671479038671e-11
MID1,-1.1224565480430015,3.2539300564348647e-6,1.0864917205371468e-5
LHX6,-1.1212815865073882,1.2554846016702608e-6,4.531338004902236e-6
LPAR6,-1.1185426013625932,2.7410727507316195e-17,6.017217921982768e-16
KDR,-1.1170733220661224,1.7729447467669885e-14,2.445748025848579e-13
GIMAP4,-1.1168993364481858,2.822783405252434e-16,5.249721942263472e-15
ECHDC1,-1.1160357665662195,5.463921380714059e-13,5.9512329534195254e-12
ACAA2,-1.1146093226959486,9.069095335222406e-14,1.126606610441388e-12
SIRPA,-1.113571629303666,9.456291678650536e-16,1.603566922226189e-14
TEF,-1.1133770787460775,3.837158306053121e-14,5.047096732243606e-13
SOCS2,-1.1126503560184025,1.4560783174590823e-6,5.202400103140278e-6
TTC28,-1.112241387179939,1.9643497882221645e-16,3.7623950625012175e-15
GPRASP2,-1.1086507951480684,1.95982511074517e-16,3.761221245472018e-15
ADAMTS9,-1.106665545985723,1.4745185646119244e-9,8.98447148209357e-9
PARM1,-1.1055687919742718,8.979349004898225e-9,4.8151946838871404e-8
LIX1L,-1.1043567959070713,2.816832622457077e-20,8.822099565122083e-19
PDLIM4,-1.1040367015657244,2.2451146914644914e-7,9.233010161861029e-7
HEY2,-1.1033233658305952,1.414162631826481e-7,6.062048018284269e-7
EFNB3,-1.1029246776157047,2.314042606555861e-6,7.946257022155215e-6
RCBTB2,-1.1008718232826922,7.948304249480524e-23,3.538099322164594e-21
CTNNAL1,-1.099866799411914,1.546041131160416e-16,3.0091468575116197e-15
ABLIM3,-1.0997294843591865,4.4863946850665096e-7,1.752099305317404e-6
RCAN2,-1.09791351394144,2.868367196051841e-10,2.0014042518170137e-9
RNF39,-1.09665888690113,3.4220916918172943e-6,1.1389204436422044e-5
FZD7,-1.0954464662162444,4.173100601030506e-8,1.9755963702072042e-7
STEAP1,-1.0944384740755986,6.55890318639028e-8,2.9944850017636535e-7
KLF6,-1.0933968243258214,1.1206472751017774e-14,1.615445809610733e-13
COBLL1,-1.0907362540873284,3.00083528473313e-10,2.083251354708234e-9
KLF11,-1.0891406621106738,6.311262354366708e-19,1.6625421243078328e-17
ACVRL1,-1.0879579314594239,3.798101234839435e-15,5.877753456244113e-14
IRS2,-1.086607757233116,4.610615782939329e-7,1.795507118386458e-6
AMIGO2,-1.0861909682229973,1.0215524085451658e-5,3.103389070509248e-5
FKBP5,-1.0861767363082733,1.601667871552004e-6,5.66033438810703e-6
VSIG4,-1.0855584840047312,3.632378626790056e-7,1.441408192182682e-6
EPHA2,-1.0839556247063338,1.85462767785891e-12,1.838375785836435e-11
FOXN2,-1.0795566449038376,7.252760235587919e-13,7.705556869080424e-12
CCND2,-1.0789424373779983,4.522307261549409e-12,4.25459729156532e-11
SPATA18,-1.0785593613028004,6.97218049415321e-7,2.6278916288233287e-6
MITF,-1.07822896039726,2.2917934020473448e-10,1.6322661896803865e-9
LY75,-1.0763650096611723,1.7670108494368364e-7,7.464766835384527e-7
MS4A4A,-1.0754313189984495,2.9278621764689013e-7,1.1808470984374366e-6
RFTN1,-1.074813280967858,3.904290545369723e-10,2.6623938718957367e-9
IFFO2,-1.073184637014517,2.5166391908173543e-8,1.2434473699747618e-7
MXRA7,-1.0725410999869076,1.205818425230664e-12,1.2360281618968905e-11
PRRG1,-1.071710898820825,1.2584580369982972e-10,9.387179228656809e-10
F13A1,-1.0710957433471338,4.074715653614277e-5,1.1079861710831809e-4
MAF,-1.0707223690126177,7.483921462277433e-15,1.1036488475429067e-13
ARHGEF6,-1.069217126050344,4.054112423734521e-9,2.2875757602234405e-8
PTCH1,-1.0662387049213147,2.3464859185597806e-7,9.62519714460422e-7
EPS8,-1.0633026158479115,7.379694366936824e-16,1.262558030927003e-14
PYGL,-1.0600336238699548,5.300719714927264e-6,1.6977488360768038e-5
ALDOC,-1.0596143123667285,2.334018422646307e-5,6.623845080798183e-5
FRMD3,-1.0590365117722853,1.6626387496118877e-6,5.849349278272338e-6
NFIB,-1.0586959136968817,6.3866223805434685e-6,2.0156315367214763e-5
ACKR3,-1.0583670753765897,8.476407033426215e-6,2.616393374844079e-5
YAP1,-1.0552985857357111,7.304069622045143e-16,1.251847226666026e-14
MEST,-1.053469726758882,8.10121806034618e-6,2.5062165910626937e-5
MFNG,-1.0509893352763888,6.037234674979305e-11,4.748653492025412e-10
PRX,-1.0507571691078534,1.2007900235963563e-9,7.443969101791725e-9
LAMC1,-1.0500627721863813,3.146449906607199e-13,3.605854094401456e-12
JAM3,-1.0497726016713111,2.1061714906271675e-15,3.4092321350808447e-14
PTPRZ1,-1.0490021079389287,0.010510294966482762,0.017782242847568495
MPDZ,-1.0489095580340495,2.457745195023226e-13,2.850569366724767e-12
FMNL2,-1.04877791953298,1.1255177233485193e-12,1.1586566284792306e-11
RASA3,-1.048361925309563,3.644412941661892e-10,2.4969622192393938e-9
ARHGAP24,-1.0472870816425075,2.3162530783410703e-11,1.9604554003740663e-10
CARD6,-1.0465968105936494,2.5201385780623194e-10,1.7790846129272541e-9
SLC5A1,-1.0463839448877816,0.008491345666631756,0.014634215555594968
GEM,-1.0445265666780987,4.198435635261342e-8,1.9858149337902626e-7
CX3CR1,-1.0423056160700004,4.59896933412981e-5,1.2392648554252354e-4
RGMA,-1.0404765678346726,7.944077681162467e-5,2.0483321776448675e-4
KRT15,-1.0383140764729968,0.007337104294020156,0.012798667958454971
ZNF423,-1.0381749740842872,6.06554613280109e-8,2.7851110824681224e-7
CD93,-1.036803829480742,9.70545032519921e-12,8.705028439999104e-11
CCDC82,-1.0365343054785998,1.986096150663537e-10,1.4293648569333764e-9
AK4,-1.03551298514093,5.3054172906628e-8,2.4667111822883374e-7
ARHGEF28,-1.0348622954669113,1.6339638935845597e-12,1.6365169621682857e-11
STARD8,-1.0345723115535408,4.748962842235562e-13,5.248422727367233e-12
TMEM140,-1.0331268532497464,1.2360201293447837e-16,2.4656293659025092e-15
NEDD9,-1.0293947311521485,6.194500790826285e-10,4.073879966059831e-9
CCN3,-1.028809268786753,3.0722570919709866e-5,8.544909441510279e-5
STAT5B,-1.0287496356794759,2.00569209490059e-17,4.472904995638635e-16
CDKN2C,-1.0285087228499514,3.7389637521470063e-7,1.4782128485564747e-6
RCSD1,-1.0282145410492605,3.013152421043063e-10,2.0902929674119086e-9
ARHGEF40,-1.0272845114493454,3.5224969605534606e-15,5.4981831616431046e-14
PTHLH,-1.0265127441907087,0.002146958513830676,0.004154358243204256
USP53,-1.025222772975822,2.676816681382347e-14,3.5896223698035235e-13
ADGRL2,-1.0246660085183112,1.0221208678000951e-8,5.4266660098828896e-8
ELMOD3,-1.0245336234675426,2.4039045757674567e-11,2.0275037277196577e-10
LGR4,-1.01962535607385,1.5164621815949285e-8,7.784721770440597e-8
STS,-1.0190443223157675,2.3105537730311536e-8,1.1487060252168842e-7
BOK,-1.0180323755836196,1.9392289412646905e-7,8.110346355050021e-7
CEP68,-1.015145662346069,1.816026736291274e-25,1.0455746748168023e-23
RBMS2,-1.0144828223122053,1.2504174341450711e-19,3.6432617058499576e-18
DAB2IP,-1.0129762720808149,3.6623511171836585e-16,6.606661536908233e-15
ETV5,-1.0127680380640296,3.0557856496049655e-9,1.7625302352100625e-8
PRXL2A,-1.0101591790058393,1.5538070586814992e-8,7.959432535547477e-8
THBD,-1.0100235830081479,2.3852551908577257e-7,9.775886044372138e-7
PLIN2,-1.0096625451896952,7.58075970707866e-9,4.111228110848722e-8
C1R,-1.0091994261051829,3.5601979770166534e-8,1.704746192680036e-7
ETS2,-1.0081310381822275,5.232069174865953e-10,3.4983550150442378e-9
TMBIM1,-1.0075234431752442,3.057938153849157e-15,4.827926986742142e-14
LCA5,-1.0058030900459138,1.4910430186136718e-11,1.3033071476336775e-10
SEMA6A,-1.0028603603917183,2.71123707969004e-6,9.211499830819695e-6
CMYA5,-1.0022112458285586,3.9929934350953985e-6,1.311223766340241e-5
SORBS2,-1.0008942240950836,6.7593021905242926e-6,2.122491527168226e-5
